timestamp,CELLS/Outside/SPN1/Global,timestamp,CELLS/Outside/SPN1/Diffuse,timestamp,CELLS/Outside/SPN1/Sunshine
0:00:00,1.556666667,0:00:00,0.456666667,,
0:02:00,1.553333333,0:02:00,0.376666667,,
0:04:00,1.425,0:04:00,0.426666667,,
0:06:00,1.191666667,0:06:00,0.24,,
0:08:00,1.276666667,0:08:00,0.293333333,,
0:10:00,1.413333333,0:10:00,0.348333333,,
0:12:00,1.5,0:12:00,0.455,,
0:14:00,1.525,0:14:00,0.405,,
0:16:00,1.495,0:16:00,0.428333333,,
0:18:00,1.406666667,0:18:00,0.266666667,,
0:20:00,1.368333333,0:20:00,0.32,,
0:22:00,1.59,0:22:00,0.563333333,,
0:24:00,1.513333333,0:24:00,0.455,,
0:26:00,1.34,0:26:00,0.32,,
0:28:00,1.261666667,0:28:00,0.32,,
0:30:00,0.985,0:30:00,0.026666667,,
0:32:00,1.105,0:32:00,0.186666667,,
0:34:00,1.225,0:34:00,0.186666667,,
0:36:00,1.246666667,0:36:00,0.186666667,,
0:38:00,1.076666667,0:38:00,0.186666667,,
0:40:00,1.21,0:40:00,0.188333333,,
0:42:00,1.143333333,0:42:00,0.213333333,,
0:44:00,1.001666667,0:44:00,0.08,,
0:46:00,1.211666667,0:46:00,0.16,,
0:48:00,1.108333333,0:48:00,0.136666667,,
0:50:00,1.056666667,0:50:00,0.053333333,,
0:52:00,0.99,0:52:00,0.106666667,,
0:54:00,1.313333333,0:54:00,0.16,,
0:56:00,1.37,0:56:00,0.266666667,,
0:58:00,1.323333333,0:58:00,0.213333333,,
1:00:00,1.321666667,1:00:00,0.32,,
1:02:00,1.281666667,1:02:00,0.293333333,,
1:04:00,1.538333333,1:04:00,0.428333333,,
1:06:00,1.861666667,1:06:00,0.643333333,,
1:08:00,1.94,1:08:00,0.753333333,,
1:10:00,1.703333333,1:10:00,0.538333333,,
1:12:00,1.686666667,1:12:00,0.538333333,,
1:14:00,1.675,1:14:00,0.586666667,,
1:16:00,1.526666667,1:16:00,0.48,,
1:18:00,1.455,1:18:00,0.375,,
1:20:00,1.411666667,1:20:00,0.378333333,,
1:22:00,1.631666667,1:22:00,0.538333333,,
1:24:00,1.865,1:24:00,0.726666667,,
1:26:00,1.986666667,1:26:00,0.833333333,,
1:28:00,1.783333333,1:28:00,0.753333333,,
1:30:00,1.768333333,1:30:00,0.676666667,,
1:32:00,1.428333333,1:32:00,0.293333333,,
1:34:00,1.341666667,1:34:00,0.24,,
1:36:00,1.196666667,1:36:00,0.106666667,,
1:38:00,1.158333333,1:38:00,0.133333333,,
1:40:00,1.083333333,1:40:00,0.08,,
1:42:00,0.895,1:42:00,0.053333333,,
1:44:00,1.053333333,1:44:00,0.106666667,,
1:46:00,1.001666667,1:46:00,0.053333333,,
1:48:00,1.03,1:48:00,0.106666667,,
1:50:00,1.038333333,1:50:00,0.08,,
1:52:00,0.878333333,1:52:00,,,
1:54:00,1.02,1:54:00,0.133333333,,
1:56:00,1.3,1:56:00,0.186666667,,
1:58:00,1.41,1:58:00,0.373333333,,
2:00:00,1.418333333,2:00:00,0.401666667,,
2:02:00,1.035,2:02:00,0.08,,
2:04:00,0.976666667,2:04:00,0.106666667,,
2:06:00,0.718333333,2:06:00,0.053333333,,
2:08:00,0.875,2:08:00,0.026666667,,
2:10:00,0.83,2:10:00,0.08,,
2:12:00,0.82,2:12:00,0.053333333,,
2:14:00,1.151666667,2:14:00,0.133333333,,
2:16:00,1.075,2:16:00,0.08,,
2:18:00,1.036666667,2:18:00,0.053333333,,
2:20:00,0.971666667,2:20:00,,,
2:22:00,0.945,2:22:00,0.053333333,,
2:24:00,0.975,2:24:00,0.053333333,,
2:26:00,1.255,2:26:00,0.16,,
2:28:00,1.248333333,2:28:00,0.186666667,,
2:30:00,0.956666667,2:30:00,0.08,,
2:32:00,1.213333333,2:32:00,0.241666667,,
2:34:00,0.895,2:34:00,0.053333333,,
2:36:00,1.08,2:36:00,0.106666667,,
2:38:00,0.975,2:38:00,0.053333333,,
2:40:00,1.006666667,2:40:00,0.053333333,,
2:42:00,1.13,2:42:00,0.133333333,,
2:44:00,1.063333333,2:44:00,0.08,,
2:46:00,0.873333333,2:46:00,0.053333333,,
2:48:00,0.971666667,2:48:00,,,
2:50:00,1.096666667,2:50:00,0.133333333,,
2:52:00,1.036666667,2:52:00,0.026666667,,
2:54:00,1.313333333,2:54:00,0.24,,
2:56:00,1.225,2:56:00,0.213333333,,
2:58:00,1.111666667,2:58:00,0.133333333,,
3:00:00,1.405,3:00:00,0.321666667,,
3:02:00,1.151666667,3:02:00,0.186666667,,
3:04:00,1.158333333,3:04:00,0.106666667,,
3:06:00,1.15,3:06:00,0.106666667,,
3:08:00,1.186666667,3:08:00,0.133333333,,
3:10:00,1.083333333,3:10:00,0.08,,
3:12:00,1.033333333,3:12:00,0.08,,
3:14:00,0.931666667,3:14:00,,,
3:16:00,0.855,3:16:00,,,
3:18:00,1.013333333,3:18:00,0.133333333,,
3:20:00,0.998333333,3:20:00,0.106666667,,
3:22:00,1.108333333,3:22:00,0.133333333,,
3:24:00,1.235,3:24:00,0.186666667,,
3:26:00,1.16,3:26:00,0.106666667,,
3:28:00,1.256666667,3:28:00,0.16,,
3:30:00,1.12,3:30:00,0.16,,
3:32:00,1.261666667,3:32:00,0.16,,
3:34:00,1.198333333,3:34:00,0.16,,
3:36:00,1.345,3:36:00,0.32,,
3:38:00,1.178333333,3:38:00,0.106666667,,
3:40:00,1.093333333,3:40:00,0.106666667,,
3:42:00,1.13,3:42:00,0.106666667,,
3:44:00,1.211666667,3:44:00,0.213333333,,
3:46:00,1.223333333,3:46:00,0.293333333,,
3:48:00,1.446666667,3:48:00,0.348333333,,
3:50:00,1.393333333,3:50:00,0.293333333,,
3:52:00,1.301724138,3:52:00,0.193103448,,
3:54:00,0.985,3:54:00,0.08,,
3:56:00,0.865,3:56:00,0.053333333,,
3:58:00,0.77,3:58:00,,,
4:00:00,0.991666667,4:00:00,0.133333333,,
4:02:00,1.123333333,4:02:00,0.106666667,,
4:04:00,1.26,4:04:00,0.16,,
4:06:00,1.605,4:06:00,0.56,,
4:08:00,1.366666667,4:08:00,0.32,,
4:10:00,1.291666667,4:10:00,0.213333333,,
4:12:00,1.381666667,4:12:00,0.426666667,,
4:14:00,1.228333333,4:14:00,0.215,,
4:16:00,1.141666667,4:16:00,0.106666667,,
4:18:00,1.23,4:18:00,0.293333333,,
4:20:00,1.326666667,4:20:00,0.27,,
4:22:00,0.99,4:22:00,0.08,,
4:24:00,1.718333333,4:24:00,0.615,,
4:26:00,1.861666667,4:26:00,0.805,,
4:28:00,1.689830508,4:28:00,0.571186441,,
4:30:00,1.456666667,4:30:00,0.351666667,,
4:32:00,1.518333333,4:32:00,0.455,,
4:34:00,1.081666667,4:34:00,0.16,,
4:36:00,1.326666667,4:36:00,0.266666667,,
4:38:00,1.39,4:38:00,0.321666667,,
4:40:00,1.321666667,4:40:00,0.213333333,,
4:42:00,0.988333333,4:42:00,,,
4:44:00,0.818333333,4:44:00,0.026666667,,
4:46:00,0.783333333,4:46:00,,,
4:48:00,0.863333333,4:48:00,,,
4:50:00,0.725,4:50:00,0.026666667,,
4:52:00,0.726666667,4:52:00,0.026666667,,
4:54:00,0.995,4:54:00,0.053333333,,
4:56:00,1.156666667,4:56:00,0.133333333,,
4:58:00,1.571666667,4:58:00,0.591666667,,
5:00:00,1.236666667,5:00:00,0.213333333,,
5:02:00,1.058333333,5:02:00,0.053333333,,
5:04:00,1.068333333,5:04:00,0.106666667,,
5:06:00,0.965,5:06:00,0.08,,
5:08:00,1.02,5:08:00,0.026666667,,
5:10:00,0.801666667,5:10:00,,,
5:12:00,1.115,5:12:00,0.053333333,,
5:14:00,1.381666667,5:14:00,0.32,,
5:16:00,1.516666667,5:16:00,0.56,,
5:18:00,1.495,5:18:00,0.426666667,,
5:20:00,1.323333333,5:20:00,0.24,,
5:22:00,1.24,5:22:00,0.186666667,,
5:24:00,0.981666667,5:24:00,0.08,,
5:26:00,1.033333333,5:26:00,0.133333333,,
5:28:00,0.773333333,5:28:00,0.053333333,,
5:30:00,0.798333333,5:30:00,0.026666667,,
5:32:00,0.731666667,5:32:00,,,
5:34:00,0.616666667,5:34:00,,,
5:36:00,0.841666667,5:36:00,0.026666667,,
5:38:00,0.876666667,5:38:00,0.026666667,,
5:40:00,0.988333333,5:40:00,0.028333333,,
5:42:00,1.056666667,5:42:00,0.106666667,,
5:44:00,1.071666667,5:44:00,0.053333333,,
5:46:00,0.953333333,5:46:00,0.053333333,,
5:48:00,0.985,5:48:00,0.133333333,,
5:50:00,1.29,5:50:00,0.186666667,,
5:52:00,1.113333333,5:52:00,0.106666667,,
5:54:00,1.22,5:54:00,0.186666667,,
5:56:00,1.171666667,5:56:00,0.16,,
5:58:00,1.54,5:58:00,0.483333333,,
6:00:00,1.975,6:00:00,0.781666667,,
6:02:00,1.823333333,6:02:00,0.693333333,,
6:04:00,2.146666667,6:04:00,0.895,,
6:06:00,2.676666667,6:06:00,1.358333333,,
6:08:00,3.443333333,6:08:00,2.185,,
6:10:00,4.306666667,6:10:00,3.013333333,,
6:12:00,5.168333333,6:12:00,4.04,,
6:14:00,5.825,6:14:00,4.551666667,,
6:16:00,6.643333333,6:16:00,5.391666667,,
6:18:00,7.346666667,6:18:00,5.935,,
6:20:00,8.201666667,6:20:00,6.845,,
6:22:00,10.02,6:22:00,8.601666667,,
6:24:00,11.38833333,6:24:00,10.04666667,,
6:26:00,12.72333333,6:26:00,11.33833333,,
6:28:00,13.48666667,6:28:00,12.09333333,,
6:30:00,14.38,6:30:00,12.945,,
6:32:00,17.10166667,6:32:00,14.52,,
6:34:00,19.63333333,6:34:00,14.93166667,,
6:36:00,20.88333333,6:36:00,15.29,,
6:38:00,23.01833333,6:38:00,16.57166667,,
6:40:00,24.95666667,6:40:00,16.90833333,,
6:42:00,27.75333333,6:42:00,18.05,,
6:44:00,30.73666667,6:44:00,19.19833333,,
6:46:00,33.49166667,6:46:00,19.92833333,,
6:48:00,36.13,6:48:00,21.30666667,,
6:50:00,39.19,6:50:00,22.72166667,,
6:52:00,43.62166667,6:52:00,23.98333333,,
6:54:00,46.985,6:54:00,24.435,,
6:56:00,51.02333333,6:56:00,25.58666667,,
6:58:00,55.04166667,6:58:00,26.665,,
7:00:00,59.72333333,7:00:00,28.3,,
7:02:00,63.61166667,7:02:00,28.98166667,,
7:04:00,67.71833333,7:04:00,29.81833333,,
7:06:00,71.355,7:06:00,30.55166667,,
7:08:00,75.21333333,7:08:00,31.65333333,,
7:10:00,79.535,7:10:00,32.65,,
7:12:00,85.195,7:12:00,34.55166667,,
7:14:00,90.50833333,7:14:00,36.21166667,,
7:16:00,95.43333333,7:16:00,37.62833333,,
7:18:00,101.4183333,7:18:00,39.58,,
7:20:00,107.855,7:20:00,41.51166667,,
7:22:00,113.0466667,7:22:00,42.53,,
7:24:00,117.2733333,7:24:00,42.255,,
7:26:00,122.6883333,7:26:00,43.56166667,,
7:28:00,128.6683333,7:28:00,44.805,,
7:30:00,133.1266667,7:30:00,45.16833333,,
7:32:00,138.13,7:32:00,45.73,,
7:34:00,144.0666667,7:34:00,46.44833333,,
7:36:00,150.5216667,7:36:00,48,,
7:38:00,155.1066667,7:38:00,48.72833333,,
7:40:00,162.005,7:40:00,51.44333333,,
7:42:00,170.305,7:42:00,55.08666667,,
7:44:00,174.2333333,7:44:00,54.735,,
7:46:00,179.7516667,7:46:00,55.36666667,,
7:48:00,186.045,7:48:00,56.39333333,,
7:50:00,194.2333333,7:50:00,58.865,,
7:52:00,200.0083333,7:52:00,60.25333333,,
7:54:00,205.5816667,7:54:00,60.96166667,,
7:56:00,212.4566667,7:56:00,62.54833333,,
7:58:00,218.8066667,7:58:00,63.93666667,,
8:00:00,224.22,8:00:00,64.53166667,,
8:02:00,228.45,8:02:00,64.815,,
8:04:00,233.165,8:04:00,66.26333333,,
8:06:00,237.6016667,8:06:00,68.42,,
8:08:00,244.3133333,8:08:00,70.4,,
8:10:00,251.72,8:10:00,71.56833333,,
8:12:00,258.115,8:12:00,73.33,,
8:14:00,262.2183333,8:14:00,74.03833333,,
8:16:00,265.5116667,8:16:00,75.285,,
8:18:00,271.655,8:18:00,76.27666667,,
8:20:00,276.015,8:20:00,76.815,,
8:22:00,282.085,8:22:00,77.69333333,,
8:24:00,289.4,8:24:00,79.64833333,,
8:26:00,296.6933333,8:26:00,81.405,,
8:28:00,302.645,8:28:00,82.765,,
8:30:00,308.745,8:30:00,83.74,,
8:32:00,317.09,8:32:00,85.10166667,,
8:34:00,326.61,8:34:00,88.33666667,,
8:36:00,333.8866667,8:36:00,90.625,,
8:38:00,340.4666667,8:38:00,91.445,,
8:40:00,343.2916667,8:40:00,88.63333333,,
8:42:00,347.525,8:42:00,86.76333333,,
8:44:00,354.3033333,8:44:00,87.18,,
8:46:00,361.01,8:46:00,87.785,,
8:48:00,364.5633333,8:48:00,87.87,,
8:50:00,370.7645833,8:50:00,88.7745098,,
8:52:00,374.815,8:52:00,88.72166667,,
8:54:00,379.145,8:54:00,88.64,,
8:56:00,383.8783333,8:56:00,88.33833333,,
8:58:00,392.695,8:58:00,90.91833333,,
9:00:00,402.39,9:00:00,94.57833333,,
9:02:00,409.2516667,9:02:00,95.69833333,,
9:04:00,414.965,9:04:00,96.46666667,,
9:06:00,419.94,9:06:00,95.95166667,,
9:08:00,422.28,9:08:00,94.87833333,,
9:10:00,422.2322034,9:10:00,91.68305085,,
9:12:00,428.8933333,9:12:00,92.32166667,,
9:14:00,437.5766667,9:14:00,95.755,,
9:16:00,442.3033333,9:16:00,96.05333333,,
9:18:00,449.51,9:18:00,97.04666667,,
9:20:00,453.7083333,9:20:00,95.91833333,,
9:22:00,460.445,9:22:00,96.84,,
9:24:00,464.6883333,9:24:00,98.76333333,,
9:26:00,470.5533333,9:26:00,98.435,,
9:28:00,479.8216667,9:28:00,99.99833333,,
9:30:00,483.94,9:30:00,98.435,,
9:32:00,491.8166667,9:32:00,101.15,,
9:34:00,499.5288136,9:34:00,102.6508475,,
9:36:00,504.5683333,9:36:00,103.5216667,,
9:38:00,512.0116667,9:38:00,104.7316667,,
9:40:00,514.7183333,9:40:00,103.605,,
9:42:00,517.975,9:42:00,100.4166667,,
9:44:00,526.6583333,9:44:00,103.5233333,,
9:46:00,527.1733333,9:46:00,102.3966667,,
9:48:00,530.225,9:48:00,101.15,,
9:50:00,536.305,9:50:00,102.0116667,,
9:52:00,548.0339623,9:52:00,108.5566038,,
9:54:00,548.1316667,9:54:00,104.52,,
9:56:00,551.2516667,9:56:00,104.125,,
9:58:00,556.2616667,9:58:00,102.6116667,,
10:00:00,560.0066667,10:00:00,102.7816667,,
10:02:00,563.5466667,10:02:00,105.3033333,,
10:04:00,570.97,10:04:00,105.7416667,,
10:06:00,579.4966667,10:06:00,107.54,,
10:08:00,590.2333333,10:08:00,114.445,,
10:10:00,598.3233333,10:10:00,117.4983333,,
10:12:00,600.4133333,10:12:00,115.8633333,,
10:14:00,604.6633333,10:14:00,112.4016667,,
10:16:00,611.8683333,10:16:00,114.5316667,,
10:18:00,616.545,10:18:00,115.6233333,,
10:20:00,619.5766667,10:20:00,111.9333333,,
10:22:00,632.0916667,10:22:00,116.835,,
10:24:00,643.01,10:24:00,123.4383333,,
10:26:00,643.91,10:26:00,120.19,,
10:28:00,647.2883333,10:28:00,119.7716667,,
10:30:00,651.135,10:30:00,122.3933333,,
10:32:00,656.2233333,10:32:00,123.3266667,,
10:34:00,659.62,10:34:00,122.0366667,,
10:36:00,660.925,10:36:00,118.8416667,,
10:38:00,663.6033333,10:38:00,118.1533333,,
10:40:00,673.3166667,10:40:00,125.1416667,,
10:42:00,681.04,10:42:00,127.3033333,,
10:44:00,688.2466667,10:44:00,131.5533333,,
10:46:00,690.685,10:46:00,129.465,,
10:48:00,695.2333333,10:48:00,131.8266667,,
10:50:00,700.26,10:50:00,130.1116667,,
10:52:00,703.8816667,10:52:00,131.6233333,,
10:54:00,712.2666667,10:54:00,137.885,,
10:56:00,719.525,10:56:00,142.4166667,,
10:58:00,723.99,10:58:00,142.8683333,,
11:00:00,732.5833333,11:00:00,147.4266667,,
11:02:00,738.03,11:02:00,150.8866667,,
11:04:00,743.3866667,11:04:00,151.01,,
11:06:00,750.8766667,11:06:00,154.725,,
11:08:00,755.6,11:08:00,157.5216667,,
11:10:00,761.59,11:10:00,160.0966667,,
11:12:00,761.7583333,11:12:00,154.9666667,,
11:14:00,765.6916667,11:14:00,154.3333333,,
11:16:00,765.9766667,11:16:00,152.6633333,,
11:18:00,767.245,11:18:00,153.6833333,,
11:20:00,773.595,11:20:00,157.0466667,,
11:22:00,776.7383333,11:22:00,158.16,,
11:24:00,780.7016667,11:24:00,161.23,,
11:26:00,780.0533333,11:26:00,161.6183333,,
11:28:00,785.4466667,11:28:00,166.9566667,,
11:30:00,785.3866667,11:30:00,164.525,,
11:32:00,786.5116667,11:32:00,164,,
11:34:00,792.29,11:34:00,167.2983333,,
11:36:00,794.3366667,11:36:00,165.215,,
11:38:00,792.69,11:38:00,163.1483333,,
11:40:00,796.2916667,11:40:00,165.8583333,,
11:42:00,798.0566667,11:42:00,169.4966667,,
11:44:00,803.4233333,11:44:00,171.2916667,,
11:46:00,806.56,11:46:00,168.78,,
11:48:00,815.1333333,11:48:00,173.4366667,,
11:50:00,817.2033333,11:50:00,172.175,,
11:52:00,821.3866667,11:52:00,171.6566667,,
11:54:00,816.4933333,11:54:00,164.07,,
11:56:00,817.5883333,11:56:00,158.88,,
11:58:00,822.7283333,11:58:00,159.48,,
12:00:00,826.7,12:00:00,161.19,,
12:02:00,826.2916667,12:02:00,159.93,,
12:04:00,828.6516667,12:04:00,157.5,,
12:06:00,831.3016667,12:06:00,157.86,,
12:08:00,836.2566667,12:08:00,159.66,,
12:10:00,845.3716667,12:10:00,162.48,,
12:12:00,850.6833333,12:12:00,165.3,,
12:14:00,854.65,12:14:00,168.51,,
12:16:00,853.135,12:16:00,168.2133333,,
12:18:00,850.305,12:18:00,165.69,,
12:20:00,843.3283333,12:20:00,161.28,,
12:22:00,848.2333333,12:22:00,161.94,,
12:24:00,850.3116667,12:24:00,161.67,,
12:26:00,848.24,12:26:00,160.23,,
12:28:00,848.265,12:28:00,157.65,,
12:30:00,851.5983333,12:30:00,161.76,,
12:32:00,854.8416667,12:32:00,163.23,,
12:34:00,860.9016667,12:34:00,165.93,,
12:36:00,868.765,12:36:00,174.92,,
12:38:00,871.7883333,12:38:00,175.7133333,,
12:40:00,870.5933333,12:40:00,171.3033333,,
12:42:00,868.7866667,12:42:00,168.09,,
12:44:00,867.4383333,12:44:00,166.8,,
12:46:00,866.825,12:46:00,167.22,,
12:48:00,864.7916667,12:48:00,169.11,,
12:50:00,863.9433333,12:50:00,168.93,,
12:52:00,865.3183333,12:52:00,168.57,,
12:54:00,868.1916667,12:54:00,170.25,,
12:56:00,867.63,12:56:00,169.3816667,,
12:58:00,871.3883333,12:58:00,169.4783333,,
13:00:00,874.6983333,13:00:00,170.065,,
13:02:00,873.89,13:02:00,171.1833333,,
13:04:00,873.51,13:04:00,172.775,,
13:06:00,874.0316667,13:06:00,171.4616667,,
13:08:00,871.155,13:08:00,170.7583333,,
13:10:00,873.045,13:10:00,170.6333333,,
13:12:00,874.2266667,13:12:00,170.7016667,,
13:14:00,876.3266667,13:14:00,171.6933333,,
13:16:00,874.3016667,13:16:00,170.8433333,,
13:18:00,875.325,13:18:00,171.2966667,,
13:20:00,876.4083333,13:20:00,171.6933333,,
13:22:00,876.5166667,13:22:00,173.3366667,,
13:24:00,873.6533333,13:24:00,175.405,,
13:26:00,876.985,13:26:00,179.855,,
13:28:00,872.3416667,13:28:00,180.49,,
13:30:00,872.5566667,13:30:00,182.1116667,,
13:32:00,873.5566667,13:32:00,181.0166667,,
13:34:00,876.5766667,13:34:00,182.8116667,,
13:36:00,879.14,13:36:00,182.2566667,,
13:38:00,877.8466667,13:38:00,180.3766667,,
13:40:00,878.6166667,13:40:00,182.585,,
13:42:00,887.4283333,13:42:00,192.6183333,,
13:44:00,889.4716667,13:44:00,198.7383333,,
13:46:00,888.2216667,13:46:00,197.0383333,,
13:48:00,889.57,13:48:00,199.0216667,,
13:50:00,883.9016667,13:50:00,192.9016667,,
13:52:00,883.97,13:52:00,192.4483333,,
13:54:00,884.6466667,13:54:00,194.265,,
13:56:00,882.935,13:56:00,192.0616667,,
13:58:00,882.27,13:58:00,193.2283333,,
14:00:00,891.1833333,14:00:00,201.6716667,,
14:02:00,894.08,14:02:00,203.455,,
14:04:00,894.1233333,14:04:00,204.6716667,,
14:06:00,887.35,14:06:00,199.1816667,,
14:08:00,889.7916667,14:08:00,203.3,,
14:10:00,889.67,14:10:00,203.7833333,,
14:12:00,880.7733333,14:12:00,195.1066667,,
14:14:00,878.4483333,14:14:00,192.9716667,,
14:16:00,870.5583333,14:16:00,188.74,,
14:18:00,867.33,14:18:00,186.43,,
14:20:00,864.9466667,14:20:00,184.81,,
14:22:00,865.9366667,14:22:00,190.4666667,,
14:24:00,867.9566667,14:24:00,195.6466667,,
14:26:00,862.4,14:26:00,194.0933333,,
14:28:00,858.3533333,14:28:00,193.045,,
14:30:00,851.2833333,14:30:00,191.7233333,,
14:32:00,844.805,14:32:00,187.7383333,,
14:34:00,842.66,14:34:00,187.41,,
14:36:00,845.7616667,14:36:00,192.0916667,,
14:38:00,838.9116667,14:38:00,191.395,,
14:40:00,828.99,14:40:00,186.8,,
14:42:00,827.52,14:42:00,188.0333333,,
14:44:00,823.035,14:44:00,185.3633333,,
14:46:00,816.595,14:46:00,183.7533333,,
14:48:00,812.4666667,14:48:00,181.5816667,,
14:50:00,813.1716667,14:50:00,181.18,,
14:52:00,809.9916667,14:52:00,177.92,,
14:54:00,806.9133333,14:54:00,179.465,,
14:56:00,799.905,14:56:00,179.3483333,,
14:58:00,800.42,14:58:00,180.355,,
15:00:00,796.7,15:00:00,178.7933333,,
15:02:00,794.9883333,15:02:00,177.045,,
15:04:00,789.8333333,15:04:00,179.5616667,,
15:06:00,792.74,15:06:00,182.12,,
15:08:00,789.5266667,15:08:00,179.22,,
15:10:00,785.4033333,15:10:00,177.2683333,,
15:12:00,781.5166667,15:12:00,175.7616667,,
15:14:00,777.9733333,15:14:00,172.1633333,,
15:16:00,775.6633333,15:16:00,171.1683333,,
15:18:00,770.975,15:18:00,171.1633333,,
15:20:00,769.6433333,15:20:00,172.7266667,,
15:22:00,765.53,15:22:00,173.855,,
15:24:00,766.4083333,15:24:00,179.7966667,,
15:26:00,762.1133333,15:26:00,179.9833333,,
15:28:00,755.1433333,15:28:00,176.0583333,,
15:30:00,750.28,15:30:00,172.3766667,,
15:32:00,744.385,15:32:00,169.1133333,,
15:34:00,736.2833333,15:34:00,167.65,,
15:36:00,733.17,15:36:00,170.2583333,,
15:38:00,732.0333333,15:38:00,171.715,,
15:40:00,740.395,15:40:00,180.225,,
15:42:00,739.9216667,15:42:00,183.955,,
15:44:00,732.4833333,15:44:00,176.31,,
15:46:00,728.6133333,15:46:00,172.3616667,,
15:48:00,710.355,15:48:00,172.9583333,,
15:50:00,733.0933333,15:50:00,177.7466667,,
15:52:00,675.36,15:52:00,175.8216667,,
15:54:00,730.5433333,15:54:00,178.9,,
15:56:00,707.455,15:56:00,182.175,,
15:58:00,716.9966667,15:58:00,182.81,,
16:00:00,717.085,16:00:00,173.21,,
16:02:00,700.4416667,16:02:00,171.6283333,,
16:04:00,698.345,16:04:00,171.9233333,,
16:06:00,699.7283333,16:06:00,175.25,,
16:08:00,701.105,16:08:00,177.72,,
16:10:00,704.9966667,16:10:00,186.215,,
16:12:00,702.8883333,16:12:00,191.4533333,,
16:14:00,696.5383333,16:14:00,192.5816667,,
16:16:00,685.0716667,16:16:00,187.5616667,,
16:18:00,677.41,16:18:00,183.55,,
16:20:00,675.22,16:20:00,182.11,,
16:22:00,670.7933333,16:22:00,183.04,,
16:24:00,664.67,16:24:00,183.19,,
16:26:00,661.6416667,16:26:00,186.495,,
16:28:00,662.7933333,16:28:00,192.855,,
16:30:00,659.0233333,16:30:00,192.4216667,,
16:32:00,653.2383333,16:32:00,188.2833333,,
16:34:00,650.0216667,16:34:00,183.9133333,,
16:36:00,623.085,16:36:00,181.0083333,,
16:38:00,587.6216667,16:38:00,178.2383333,,
16:40:00,598.5333333,16:40:00,183.4766667,,
16:42:00,546.2866667,16:42:00,188.425,,
16:44:00,558.4483333,16:44:00,188.3966667,,
16:46:00,574.5366667,16:46:00,187.0933333,,
16:48:00,567.0433333,16:48:00,188.17,,
16:50:00,582.5033333,16:50:00,190.805,,
16:52:00,584.8466667,16:52:00,194.8566667,,
16:54:00,570.3666667,16:54:00,191.74,,
16:56:00,554.2933333,16:56:00,184.82,,
16:58:00,536.745,16:58:00,185.025,,
17:00:00,473.305,17:00:00,185.7616667,,
17:02:00,465.1383333,17:02:00,187.0066667,,
17:04:00,447.51,17:04:00,193.6666667,,
17:06:00,463.485,17:06:00,195.7916667,,
17:08:00,450.8283333,17:08:00,199.4033333,,
17:10:00,444.8083333,17:10:00,204.325,,
17:12:00,458.1483333,17:12:00,209.2933333,,
17:14:00,449.1283333,17:14:00,210.7666667,,
17:16:00,481.0866667,17:16:00,211.56,,
17:18:00,498.0566667,17:18:00,215.5383333,,
17:20:00,440.3766667,17:20:00,219.1016667,,
17:22:00,416.9033333,17:22:00,213.8033333,,
17:24:00,425.7066667,17:24:00,208.245,,
17:26:00,413.465,17:26:00,208.67,,
17:28:00,406.3983333,17:28:00,213.175,,
17:30:00,397.4933333,17:30:00,222.1083333,,
17:32:00,398.2983333,17:32:00,221.4866667,,
17:34:00,419.8866667,17:34:00,224.5233333,,
17:36:00,472.115,17:36:00,231.3516667,,
17:38:00,468.7816667,17:38:00,235.3416667,,
17:40:00,383.3216667,17:40:00,230.6133333,,
17:42:00,350.8016667,17:42:00,218.5916667,,
17:44:00,291.075,17:44:00,203.84,,
17:46:00,238.2833333,17:46:00,191.7933333,,
17:48:00,228.5866667,17:48:00,184.1083333,,
17:50:00,236.5166667,17:50:00,185.905,,
17:52:00,243.1933333,17:52:00,191.8466667,,
17:54:00,227.4033333,17:54:00,195.4083333,,
17:56:00,228.4683333,17:56:00,196.4016667,,
17:58:00,238.2666667,17:58:00,200.705,,
18:00:00,243.7816667,18:00:00,205.1733333,,
18:02:00,244.4183333,18:02:00,208.895,,
18:04:00,259.3316667,18:04:00,213.5016667,,
18:06:00,271.4616667,18:06:00,218.2933333,,
18:08:00,283.41,18:08:00,222.1733333,,
18:10:00,262.6433333,18:10:00,217.93,,
18:12:00,276.55,18:12:00,215.755,,
18:14:00,296.6333333,18:14:00,214.2266667,,
18:16:00,289.82,18:16:00,207.4,,
18:18:00,246.8916667,18:18:00,198.3966667,,
18:20:00,232.1233333,18:20:00,185.3416667,,
18:22:00,205.9783333,18:22:00,172.19,,
18:24:00,193.0883333,18:24:00,163.9566667,,
18:26:00,194.595,18:26:00,161.4383333,,
18:28:00,220.8583333,18:28:00,163.0133333,,
18:30:00,251.5616667,18:30:00,168.435,,
18:32:00,257.4583333,18:32:00,173.225,,
18:34:00,250.2833333,18:34:00,175.7533333,,
18:36:00,236.8883333,18:36:00,178.1333333,,
18:38:00,221.0616667,18:38:00,175.9683333,,
18:40:00,199.8383333,18:40:00,169.995,,
18:42:00,197,18:42:00,164.4916667,,
18:44:00,200.76,18:44:00,164.875,,
18:46:00,194.205,18:46:00,161.1183333,,
18:48:00,183.4016667,18:48:00,154.675,,
18:50:00,179.9233333,18:50:00,146.0716667,,
18:52:00,181.6783333,18:52:00,139.755,,
18:54:00,173.6783333,18:54:00,138.8133333,,
18:56:00,171.27,18:56:00,137.2933333,,
18:58:00,164.5416667,18:58:00,133.98,,
19:00:00,163.9083333,19:00:00,129.47,,
19:02:00,164.0033333,19:02:00,124.5283333,,
19:04:00,155.085,19:04:00,119.5833333,,
19:06:00,153.7266667,19:06:00,116.4766667,,
19:08:00,172.5533333,19:08:00,117.5733333,,
19:10:00,184.7116667,19:10:00,119.5533333,,
19:12:00,186.395,19:12:00,122.8633333,,
19:14:00,177.1033333,19:14:00,124.4733333,,
19:16:00,170.1666667,19:16:00,123.4766667,,
19:18:00,161.4966667,19:18:00,123.37,,
19:20:00,147.65,19:20:00,122.1033333,,
19:22:00,138.1983333,19:22:00,117.755,,
19:24:00,134.4666667,19:24:00,111.575,,
19:26:00,126.1683333,19:26:00,106.4716667,,
19:28:00,116.425,19:28:00,104.515,,
19:30:00,112.7783333,19:30:00,98.59166667,,
19:32:00,108.2316667,19:32:00,91.30166667,,
19:34:00,93.97666667,19:34:00,84.91833333,,
19:36:00,86.80833333,19:36:00,79.41833333,,
19:38:00,81.43333333,19:38:00,74.875,,
19:40:00,77.305,19:40:00,71.14833333,,
19:42:00,74.83666667,19:42:00,69.40666667,,
19:44:00,72.615,19:44:00,67.76833333,,
19:46:00,69.99,19:46:00,65.32833333,,
19:48:00,67.36,19:48:00,62.91333333,,
19:50:00,64.595,19:50:00,60.95,,
19:52:00,60.885,19:52:00,58.26833333,,
19:54:00,57.485,19:54:00,54.885,,
19:56:00,53.86333333,19:56:00,49.47,,
19:58:00,48.63,19:58:00,43.61,,
20:00:00,45.35166667,20:00:00,41.13333333,,
20:02:00,41.14166667,20:02:00,38.10666667,,
20:04:00,35.815,20:04:00,32.99666667,,
20:06:00,32.07666667,20:06:00,29.73833333,,
20:08:00,29.56333333,20:08:00,27.47,,
20:10:00,27.53833333,20:10:00,25.65666667,,
20:12:00,25.7,20:12:00,23.68833333,,
20:14:00,24.15333333,20:14:00,21.96333333,,
20:16:00,22.01833333,20:16:00,19.81333333,,
20:18:00,20.19666667,20:18:00,18.35666667,,
20:20:00,18.68833333,20:20:00,17.29333333,,
20:22:00,16.67,20:22:00,15.34,,
20:24:00,14.77833333,20:24:00,13.58333333,,
20:26:00,13.55166667,20:26:00,12.345,,
20:28:00,11.56333333,20:28:00,10.44833333,,
20:30:00,9.756666667,20:30:00,8.413333333,,
20:32:00,8.05,20:32:00,6.786666667,,
20:34:00,6.78,20:34:00,5.566666667,,
20:36:00,5.76,20:36:00,4.51,,
20:38:00,4.918333333,20:38:00,3.693333333,,
20:40:00,4.07,20:40:00,2.703333333,,
20:42:00,3.893333333,20:42:00,2.55,,
20:44:00,3.56,20:44:00,2.333333333,,
20:46:00,3.363333333,20:46:00,2.133333333,,
20:48:00,3.046666667,20:48:00,1.885,,
20:50:00,2.553333333,20:50:00,1.356666667,,
20:52:00,2.27,20:52:00,0.988333333,,
20:54:00,2.198333333,20:54:00,1.045,,
20:56:00,2.011666667,20:56:00,0.871666667,,
20:58:00,1.751666667,20:58:00,0.565,,
21:00:00,1.541666667,21:00:00,0.456666667,,
21:02:00,1.433333333,21:02:00,0.375,,
21:04:00,1.763333333,21:04:00,0.645,,
21:06:00,1.723333333,21:06:00,0.538333333,,
21:08:00,1.466666667,21:08:00,0.455,,
21:10:00,1.555,21:10:00,0.431666667,,
21:12:00,1.496666667,21:12:00,0.346666667,,
21:14:00,1.74,21:14:00,0.696666667,,
21:16:00,1.771666667,21:16:00,0.646666667,,
21:18:00,1.465,21:18:00,0.481666667,,
21:20:00,1.788333333,21:20:00,0.7,,
21:22:00,1.891666667,21:22:00,0.78,,
21:24:00,1.796666667,21:24:00,0.64,,
21:26:00,1.586666667,21:26:00,0.565,,
21:28:00,1.488333333,21:28:00,0.346666667,,
21:30:00,1.633333333,21:30:00,0.481666667,,
21:32:00,1.761666667,21:32:00,0.623333333,,
21:34:00,1.673333333,21:34:00,0.586666667,,
21:36:00,1.701666667,21:36:00,0.535,,
21:38:00,1.785,21:38:00,0.666666667,,
21:40:00,1.936666667,21:40:00,0.858333333,,
21:42:00,1.945,21:42:00,0.753333333,,
21:44:00,1.535,21:44:00,0.271666667,,
21:46:00,1.803333333,21:46:00,0.625,,
21:48:00,2.013333333,21:48:00,0.891666667,,
21:50:00,2.103333333,21:50:00,0.901666667,,
21:52:00,2.005,21:52:00,0.895,,
21:54:00,1.816666667,21:54:00,0.54,,
21:56:00,1.821666667,21:56:00,0.6,,
21:58:00,1.65,21:58:00,0.506666667,,
22:00:00,1.396666667,22:00:00,0.346666667,,
22:02:00,0.951666667,22:02:00,0.053333333,,
22:04:00,1.011666667,22:04:00,0.08,,
22:06:00,1.066666667,22:06:00,0.133333333,,
22:08:00,1.04,22:08:00,,,
22:10:00,1.001666667,22:10:00,0.08,,
22:12:00,1.055,22:12:00,0.053333333,,
22:14:00,0.95,22:14:00,0.08,,
22:16:00,0.98,22:16:00,,,
22:18:00,0.926666667,22:18:00,0.026666667,,
22:20:00,0.82,22:20:00,0.08,,
22:22:00,0.963333333,22:22:00,0.026666667,,
22:24:00,1.158333333,22:24:00,0.106666667,,
22:26:00,1.045,22:26:00,0.053333333,,
22:28:00,1,22:28:00,0.133333333,,
22:30:00,0.933333333,22:30:00,0.053333333,,
22:32:00,1.056666667,22:32:00,0.08,,
22:34:00,1.186666667,22:34:00,0.106666667,,
22:36:00,1.168333333,22:36:00,0.16,,
22:38:00,1.08,22:38:00,0.133333333,,
22:40:00,0.943333333,22:40:00,0.026666667,,
22:42:00,0.945,22:42:00,0.026666667,,
22:44:00,0.883333333,22:44:00,0.026666667,,
22:46:00,0.863333333,22:46:00,0.053333333,,
22:48:00,0.846666667,22:48:00,0.026666667,,
22:50:00,0.983333333,22:50:00,0.08,,
22:52:00,0.968333333,22:52:00,0.08,,
22:54:00,0.943333333,22:54:00,0.108333333,,
22:56:00,1.305,22:56:00,0.16,,
22:58:00,1.386666667,22:58:00,0.293333333,,
23:00:00,1.358333333,23:00:00,0.405,,
23:02:00,1.396666667,23:02:00,0.32,,
23:04:00,1.738333333,23:04:00,0.613333333,,
23:06:00,1.611666667,23:06:00,0.533333333,,
23:08:00,1.423333333,23:08:00,0.24,,
23:10:00,1.261666667,23:10:00,0.266666667,,
23:12:00,1.333333333,23:12:00,0.266666667,,
23:14:00,1.108333333,23:14:00,0.133333333,,
23:16:00,1.305,23:16:00,0.295,,
23:18:00,1.468333333,23:18:00,0.483333333,,
23:20:00,1.306666667,23:20:00,0.293333333,,
23:22:00,1.186666667,23:22:00,0.186666667,,
23:24:00,1.196666667,23:24:00,0.108333333,,
23:26:00,1.248333333,23:26:00,0.188333333,,
23:28:00,1.131666667,23:28:00,0.16,,
23:30:00,1.145,23:30:00,0.16,,
23:32:00,1.248333333,23:32:00,0.133333333,,
23:34:00,1.031666667,23:34:00,0.106666667,,
23:36:00,1.066666667,23:36:00,0.08,,
23:38:00,1.343333333,23:38:00,0.213333333,,
23:40:00,1.228333333,23:40:00,0.133333333,,
23:42:00,1.3,23:42:00,0.213333333,,
23:44:00,1.216666667,23:44:00,0.133333333,,
23:46:00,1.071666667,23:46:00,0.108333333,,
23:48:00,1.165,23:48:00,0.16,,
23:50:00,0.983333333,23:50:00,0.053333333,,
23:52:00,1.153333333,23:52:00,0.161666667,,
23:54:00,1.011666667,23:54:00,0.053333333,,
23:56:00,0.753333333,23:56:00,0.053333333,,
