Time,PMV
9:00:02,-2.6
9:00:03,-2.58
9:00:04,-2.36
9:00:05,-2.22
9:00:06,-2.27
9:00:07,-2.44
9:00:08,-2.66
9:00:09,-2.84
9:00:10,-2.72
9:00:11,-2.85
9:00:12,-2.88
9:00:13,-3.01
9:00:14,-3.21
9:00:15,-3.28
9:00:16,-3.4
9:00:17,-3.45
9:00:18,-3.6
9:00:19,-3.62
9:00:20,-3.53
9:00:21,-3.49
9:00:22,-3.45
9:00:23,-3.29
9:00:24,-3.22
9:00:25,-3.2
9:00:26,-3.29
9:00:27,-3.17
9:00:28,-2.94
9:00:29,-2.78
9:00:30,-2.6
9:00:31,-2.39
9:00:32,-2.27
9:00:33,-2.16
9:00:34,-2.1
9:00:35,-2.13
9:00:36,-2.15
9:00:37,-2.19
9:00:38,-2.2
9:00:39,-2.1
9:00:40,-1.95
9:00:41,-1.98
9:00:42,-2.1
9:00:43,-2.2
9:00:44,-2.13
9:00:45,-1.97
9:00:46,-1.83
9:00:47,-1.71
9:00:48,-1.6
9:00:49,-1.54
9:00:50,-1.48
9:00:51,-1.49
9:00:52,-1.46
9:00:53,-1.49
9:00:54,-1.43
9:00:55,-1.25
9:00:56,-1.67
9:00:57,-2.21
9:00:58,-2.49
9:00:59,-2.59
9:01:00,-2.7
9:01:01,-2.71
9:01:02,-2.63
9:01:03,-2.57
9:01:04,-2.49
9:01:05,-2.45
9:01:06,-2.45
9:01:07,-2.55
9:01:08,-2.53
9:01:09,-2.52
9:01:10,-2.31
9:01:11,-2.11
9:01:12,-2.05
9:01:13,-2.18
9:01:14,-2.33
9:01:15,-2.52
9:01:16,-2.91
9:01:17,-3.0
9:01:18,-2.87
9:01:19,-2.67
9:01:20,-2.54
9:01:21,-2.37
9:01:22,-2.21
9:01:23,-2.22
9:01:24,-2.26
9:01:25,-2.31
9:01:26,-2.28
9:01:27,-2.38
9:01:28,-2.45
9:01:29,-2.35
9:01:30,-2.09
9:01:31,-1.83
9:01:32,-1.72
9:01:33,-1.72
9:01:34,-1.74
9:01:35,-1.88
9:01:36,-2.06
9:01:37,-2.13
9:01:38,-2.09
9:01:39,-2.18
9:01:40,-2.2
9:01:41,-2.1
9:01:42,-1.97
9:01:43,-1.96
9:01:44,-1.9
9:01:45,-1.85
9:01:46,-1.69
9:01:47,-1.55
9:01:48,-1.5
9:01:49,-1.45
9:01:50,-1.65
9:01:51,-1.86
9:01:52,-2.06
9:01:53,-2.33
9:01:54,-2.55
9:01:55,-2.72
9:01:56,-2.79
9:01:57,-2.84
9:01:58,-2.88
9:01:59,-2.88
9:02:00,-2.83
9:02:01,-2.75
9:02:02,-2.64
9:02:03,-2.45
9:02:04,-2.23
9:02:05,-1.97
9:02:06,-1.76
9:02:07,-1.5
9:02:08,-1.36
9:02:09,-1.25
9:02:10,-1.04
9:02:11,-0.86
9:02:12,-0.73
9:02:13,-0.68
9:02:14,-0.79
9:02:15,-0.79
9:02:16,-0.86
9:02:17,-0.87
9:02:18,-0.87
9:02:19,-0.82
9:02:20,-0.8
9:02:21,-0.79
9:02:22,-0.9
9:02:23,-1.31
9:02:24,-1.54
9:02:25,-1.54
9:02:26,-1.48
9:02:27,-1.36
9:02:28,-1.11
9:02:29,-0.91
9:02:30,-0.77
9:02:31,-0.59
9:02:32,-0.45
9:02:33,-0.36
9:02:34,-0.42
9:02:35,-0.51
9:02:36,-0.52
9:02:37,-0.63
9:02:38,-0.77
9:02:39,-0.84
9:02:40,-0.88
9:02:41,-0.77
9:02:42,-0.7
9:02:43,-0.76
9:02:44,-0.78
9:02:45,-0.73
9:02:46,-0.68
9:02:47,-0.59
9:02:48,-0.4
9:02:49,-0.19
9:02:50,-0.09
9:02:51,-0.1
9:02:52,-0.13
9:02:53,-0.4
9:02:54,-0.67
9:02:55,-0.88
9:02:56,-1.14
9:02:57,-1.4
9:02:58,-1.59
9:02:59,-1.6
9:03:00,-1.56
9:03:01,-1.46
9:03:02,-1.27
9:03:03,-1.08
9:03:04,-1.14
9:03:05,-1.45
9:03:06,-1.91
9:03:07,-2.13
9:03:08,-2.19
9:03:09,-2.16
9:03:10,-1.93
9:03:11,-1.86
9:03:12,-2.02
9:03:13,-2.08
9:03:14,-2.09
9:03:15,-1.96
9:03:16,-1.73
9:03:17,-1.53
9:03:18,-1.39
9:03:19,-1.27
9:03:20,-1.17
9:03:21,-1.05
9:03:22,-1.07
9:03:23,-1.03
9:03:24,-1.06
9:03:25,-1.44
9:03:26,-1.69
9:03:27,-1.67
9:03:28,-1.76
9:03:29,-1.83
9:03:30,-1.76
9:03:31,-1.75
9:03:32,-1.74
9:03:33,-1.8
9:03:34,-1.99
9:03:35,-2.12
9:03:36,-2.11
9:03:37,-2.0
9:03:38,-1.85
9:03:39,-1.76
9:03:40,-1.57
9:03:41,-1.5
9:03:42,-1.47
9:03:43,-1.38
9:03:44,-1.3
9:03:45,-1.38
9:03:46,-1.57
9:03:47,-1.83
9:03:48,-1.97
9:03:49,-2.0
9:03:50,-2.04
9:03:51,-2.09
9:03:52,-2.06
9:03:53,-2.02
9:03:54,-1.95
9:03:55,-1.95
9:03:56,-2.07
9:03:57,-2.09
9:03:58,-2.14
9:03:59,-2.06
9:04:00,-1.85
9:04:01,-1.71
9:04:02,-1.7
9:04:03,-1.86
9:04:04,-1.98
9:04:05,-2.09
9:04:06,-2.16
9:04:07,-2.28
9:04:08,-2.27
9:04:09,-2.19
9:04:10,-2.08
9:04:11,-2.0
9:04:12,-1.83
9:04:13,-1.53
9:04:14,-1.45
9:04:15,-1.51
9:04:16,-1.71
9:04:17,-1.85
9:04:18,-1.86
9:04:19,-1.79
9:04:20,-1.71
9:04:21,-1.6
9:04:22,-1.47
9:04:23,-1.3
9:04:24,-1.31
9:04:25,-1.58
9:04:26,-1.76
9:04:27,-1.77
9:04:28,-1.69
9:04:29,-1.69
9:04:30,-1.71
9:04:31,-1.67
9:04:32,-1.38
9:04:33,-1.16
9:04:34,-1.14
9:04:35,-1.54
9:04:36,-1.7
9:04:37,-1.87
9:04:38,-1.95
9:04:39,-1.93
9:04:40,-1.79
9:04:41,-1.69
9:04:42,-1.73
9:04:43,-1.83
9:04:44,-1.69
9:04:45,-1.7
9:04:46,-1.89
9:04:47,-2.11
9:04:48,-2.27
9:04:49,-2.2
9:04:50,-2.15
9:04:51,-1.97
9:04:52,-1.74
9:04:53,-1.61
9:04:54,-1.6
9:04:55,-1.56
9:04:56,-1.47
9:04:57,-1.38
9:04:58,-1.11
9:04:59,-0.87
9:05:00,-0.7
9:05:01,-0.71
9:05:02,-0.85
9:05:03,-0.94
9:05:04,-1.01
9:05:05,-1.14
9:05:06,-1.2
9:05:07,-1.41
9:05:08,-1.56
9:05:09,-1.56
9:05:10,-1.48
9:05:11,-1.68
9:05:12,-1.84
9:05:13,-2.06
9:05:14,-2.32
9:05:15,-2.55
9:05:16,-2.7
9:05:17,-2.72
9:05:18,-2.9
9:05:19,-2.99
9:05:20,-3.04
9:05:21,-2.99
9:05:22,-2.89
9:05:23,-2.79
9:05:24,-2.62
9:05:25,-2.35
9:05:26,-2.21
9:05:27,-2.17
9:05:28,-2.1
9:05:29,-2.0
9:05:30,-1.91
9:05:31,-1.9
9:05:32,-1.78
9:05:33,-1.92
9:05:34,-2.1
9:05:35,-1.97
9:05:36,-1.76
9:05:37,-1.73
9:05:38,-2.01
9:05:39,-2.17
9:05:40,-2.37
9:05:41,-2.3
9:05:42,-2.37
9:05:43,-2.55
9:05:44,-2.7
9:05:45,-2.77
9:05:46,-3.0
9:05:47,-3.34
9:05:48,-3.46
9:05:49,-3.41
9:05:50,-3.45
9:05:51,-3.46
9:05:52,-3.43
9:05:53,-3.48
9:05:54,-3.63
9:05:55,-3.76
9:05:56,-3.88
9:05:57,-4.04
9:05:58,-4.16
9:05:59,-4.21
9:06:00,-4.24
9:06:01,-4.24
9:06:02,-4.07
9:06:03,-4.0
9:06:04,-4.02
9:06:05,-4.07
9:06:06,-4.03
9:06:07,-4.04
9:06:08,-4.02
9:06:09,-3.87
9:06:10,-3.77
9:06:11,-3.75
9:06:12,-3.78
9:06:13,-3.89
9:06:14,-4.0
9:06:15,-4.06
9:06:16,-4.12
9:06:17,-4.16
9:06:18,-4.13
9:06:19,-4.02
9:06:20,-3.95
9:06:21,-3.93
9:06:22,-3.91
9:06:23,-3.86
9:06:24,-3.84
9:06:25,-3.84
9:06:26,-3.8
9:06:27,-3.74
9:06:28,-3.75
9:06:29,-3.82
9:06:30,-3.79
9:06:31,-3.73
9:06:32,-3.73
9:06:33,-3.64
9:06:34,-3.52
9:06:35,-3.52
9:06:36,-3.53
9:06:37,-3.5
9:06:38,-3.33
9:06:39,-3.21
9:06:40,-3.1
9:06:41,-2.92
9:06:42,-2.56
9:06:43,-2.33
9:06:44,-2.27
9:06:45,-2.38
9:06:46,-2.52
9:06:47,-2.78
9:06:48,-3.16
9:06:49,-3.37
9:06:50,-3.53
9:06:51,-3.62
9:06:52,-3.63
9:06:53,-3.68
9:06:54,-3.8
9:06:55,-3.81
9:06:56,-3.7
9:06:57,-3.58
9:06:58,-3.45
9:06:59,-3.13
9:07:00,-2.86
9:07:01,-2.53
9:07:02,-2.12
9:07:03,-2.0
9:07:04,-1.83
9:07:05,-1.61
9:07:06,-1.51
9:07:07,-1.66
9:07:08,-1.65
9:07:09,-1.63
9:07:10,-1.92
9:07:11,-2.2
9:07:12,-2.27
9:07:13,-2.47
9:07:14,-2.39
9:07:15,-2.51
9:07:16,-2.6
9:07:17,-2.74
9:07:18,-2.89
9:07:19,-3.04
9:07:20,-3.06
9:07:21,-2.84
9:07:22,-2.84
9:07:23,-2.78
9:07:24,-2.69
9:07:25,-2.65
9:07:26,-2.8
9:07:27,-3.03
9:07:28,-3.16
9:07:29,-3.38
9:07:30,-3.33
9:07:31,-3.16
9:07:32,-2.97
9:07:33,-2.83
9:07:34,-2.71
9:07:35,-2.52
9:07:36,-2.34
9:07:37,-2.16
9:07:38,-1.99
9:07:39,-1.8
9:07:40,-1.63
9:07:41,-1.45
9:07:42,-1.27
9:07:43,-1.17
9:07:44,-1.11
9:07:45,-1.2
9:07:46,-1.28
9:07:47,-1.31
9:07:48,-1.26
9:07:49,-1.49
9:07:50,-1.62
9:07:51,-2.05
9:07:52,-2.24
9:07:53,-2.26
9:07:54,-2.26
9:07:55,-2.38
9:07:56,-2.48
9:07:57,-2.78
9:07:58,-3.25
9:07:59,-3.54
9:08:00,-3.75
9:08:01,-3.99
9:08:02,-4.08
9:08:03,-4.13
9:08:04,-4.19
9:08:05,-4.29
9:08:06,-4.31
9:08:07,-4.32
9:08:08,-4.27
9:08:09,-4.18
9:08:10,-4.17
9:08:11,-4.08
9:08:12,-4.02
9:08:13,-3.98
9:08:14,-3.9
9:08:15,-3.75
9:08:16,-3.82
9:08:17,-3.88
9:08:18,-3.82
9:08:19,-3.74
9:08:20,-3.7
9:08:21,-3.7
9:08:22,-3.69
9:08:23,-3.64
9:08:24,-3.63
9:08:25,-3.58
9:08:26,-3.66
9:08:27,-3.8
9:08:28,-3.88
9:08:29,-3.88
9:08:30,-3.94
9:08:31,-3.88
9:08:32,-3.75
9:08:33,-3.55
9:08:34,-3.35
9:08:35,-3.19
9:08:36,-3.07
9:08:37,-3.06
9:08:38,-3.04
9:08:39,-3.2
9:08:40,-3.44
9:08:41,-3.47
9:08:42,-3.67
9:08:43,-3.86
9:08:44,-3.85
9:08:45,-3.74
9:08:46,-3.73
9:08:47,-3.76
9:08:48,-3.74
9:08:49,-3.67
9:08:50,-3.55
9:08:51,-3.51
9:08:52,-3.48
9:08:53,-3.4
9:08:54,-3.28
9:08:55,-3.23
9:08:56,-3.27
9:08:57,-3.38
9:08:58,-3.46
9:08:59,-3.58
9:09:00,-3.65
9:09:01,-3.9
9:09:02,-3.99
9:09:03,-4.07
9:09:04,-4.01
9:09:05,-4.04
9:09:06,-4.11
9:09:07,-4.13
9:09:08,-4.08
9:09:09,-4.11
9:09:10,-4.2
9:09:11,-4.16
9:09:12,-4.04
9:09:13,-4.04
9:09:14,-4.04
9:09:15,-4.12
9:09:16,-4.16
9:09:17,-4.08
9:09:18,-4.05
9:09:19,-4.08
9:09:20,-4.11
9:09:21,-4.13
9:09:22,-4.15
9:09:23,-4.11
9:09:24,-4.17
9:09:25,-4.22
9:09:26,-4.27
9:09:27,-4.35
9:09:28,-4.34
9:09:29,-4.4
9:09:30,-4.35
9:09:31,-4.37
9:09:32,-4.41
9:09:33,-4.44
9:09:34,-4.39
9:09:35,-4.36
9:09:36,-4.36
9:09:37,-4.35
9:09:38,-4.34
9:09:39,-4.32
9:09:40,-4.3
9:09:41,-4.22
9:09:42,-4.19
9:09:43,-4.1
9:09:44,-4.09
9:09:45,-4.07
9:09:46,-4.06
9:09:47,-3.96
9:09:48,-3.89
9:09:49,-3.7
9:09:50,-3.57
9:09:51,-3.55
9:09:52,-3.58
9:09:53,-3.59
9:09:54,-3.58
9:09:55,-3.61
9:09:56,-3.53
9:09:57,-3.45
9:09:58,-3.48
9:09:59,-3.5
9:10:00,-3.52
9:10:01,-3.53
9:10:02,-3.43
9:10:03,-3.37
9:10:04,-3.38
9:10:05,-3.4
9:10:06,-3.46
9:10:07,-3.52
9:10:08,-3.52
9:10:09,-3.54
9:10:10,-3.63
9:10:11,-3.59
9:10:12,-3.55
9:10:13,-3.49
9:10:14,-3.43
9:10:15,-3.39
9:10:16,-3.37
9:10:17,-3.47
9:10:18,-3.61
9:10:19,-3.81
9:10:20,-3.9
9:10:21,-3.86
9:10:22,-3.69
9:10:23,-3.51
9:10:24,-3.47
9:10:25,-3.44
9:10:26,-3.4
9:10:27,-3.28
9:10:28,-3.09
9:10:29,-2.95
9:10:30,-2.79
9:10:31,-2.58
9:10:32,-2.45
9:10:33,-2.43
9:10:34,-2.46
9:10:35,-2.54
9:10:36,-2.63
9:10:37,-2.8
9:10:38,-2.94
9:10:39,-2.92
9:10:40,-2.77
9:10:41,-2.55
9:10:42,-2.34
9:10:43,-2.25
9:10:44,-2.38
9:10:45,-2.43
9:10:46,-2.5
9:10:47,-2.59
9:10:48,-2.58
9:10:49,-2.64
9:10:50,-2.72
9:10:51,-2.72
9:10:52,-2.68
9:10:53,-2.54
9:10:54,-2.43
9:10:55,-2.29
9:10:56,-2.18
9:10:57,-2.11
9:10:58,-2.01
9:10:59,-2.04
9:11:00,-1.96
9:11:01,-1.77
9:11:02,-1.72
9:11:03,-1.75
9:11:04,-1.68
9:11:05,-1.66
9:11:06,-1.75
9:11:07,-1.81
9:11:08,-1.77
9:11:09,-1.69
9:11:10,-1.59
9:11:11,-1.53
9:11:12,-1.48
9:11:13,-1.42
9:11:14,-1.35
9:11:15,-1.29
9:11:16,-1.21
9:11:17,-1.14
9:11:18,-1.26
9:11:19,-1.31
9:11:20,-1.43
9:11:21,-1.45
9:11:22,-1.3
9:11:23,-1.19
9:11:24,-1.12
9:11:25,-0.96
9:11:26,-0.79
9:11:27,-0.69
9:11:28,-0.7
9:11:29,-0.66
9:11:30,-0.63
9:11:31,-0.62
9:11:32,-0.75
9:11:33,-0.8
9:11:34,-0.72
9:11:35,-0.61
9:11:36,-0.63
9:11:37,-0.73
9:11:38,-0.87
9:11:39,-1.01
9:11:40,-1.13
9:11:41,-1.18
9:11:42,-1.13
9:11:43,-1.12
9:11:44,-1.09
9:11:45,-0.97
9:11:46,-0.82
9:11:47,-0.68
9:11:48,-0.52
9:11:49,-0.4
9:11:50,-0.24
9:11:51,-0.13
9:11:52,-0.14
9:11:53,-0.13
9:11:54,-0.12
9:11:55,-0.13
9:11:56,-0.12
9:11:57,-0.2
9:11:58,-0.2
9:11:59,-0.18
9:12:00,-0.15
9:12:01,-0.18
9:12:02,-0.2
9:12:03,-0.22
9:12:04,-0.33
9:12:05,-0.46
9:12:06,-0.55
9:12:07,-0.54
9:12:08,-0.48
9:12:09,-0.39
9:12:10,-0.3
9:12:11,-0.23
9:12:12,-0.17
9:12:13,-0.17
9:12:14,-0.1
9:12:15,0.04
9:12:16,0.12
9:12:17,0.16
9:12:18,0.04
9:12:19,-0.16
9:12:20,-0.28
9:12:21,-0.35
9:12:22,-0.46
9:12:23,-0.64
9:12:24,-0.65
9:12:25,-0.73
9:12:26,-0.82
9:12:27,-0.67
9:12:28,-0.5
9:12:29,-0.48
9:12:30,-0.3
9:12:31,-0.3
9:12:32,-0.45
9:12:33,-0.61
9:12:34,-0.72
9:12:35,-0.86
9:12:36,-0.96
9:12:37,-0.81
9:12:38,-0.65
9:12:39,-0.71
9:12:40,-0.81
9:12:41,-0.91
9:12:42,-0.98
9:12:43,-1.09
9:12:44,-1.29
9:12:45,-1.6
9:12:46,-1.83
9:12:47,-1.9
9:12:48,-1.94
9:12:49,-1.95
9:12:50,-1.9
9:12:51,-1.85
9:12:52,-1.87
9:12:53,-1.8
9:12:54,-1.69
9:12:55,-1.58
9:12:56,-1.44
9:12:57,-1.27
9:12:58,-1.11
9:12:59,-1.12
9:13:00,-1.01
9:13:01,-0.88
9:13:02,-0.73
9:13:03,-0.47
9:13:04,-0.3
9:13:05,-0.29
9:13:06,-0.45
9:13:07,-0.52
9:13:08,-0.59
9:13:09,-0.7
9:13:10,-0.79
9:13:11,-0.7
9:13:12,-0.59
9:13:13,-0.6
9:13:14,-0.55
9:13:15,-0.49
9:13:16,-0.37
9:13:17,-0.29
9:13:18,-0.18
9:13:19,-0.27
9:13:20,-0.19
9:13:21,-0.16
9:13:22,-0.15
9:13:23,-0.15
9:13:24,-0.22
9:13:25,-0.42
9:13:26,-0.61
9:13:27,-0.85
9:13:28,-1.08
9:13:29,-1.26
9:13:30,-1.28
9:13:31,-1.36
9:13:32,-1.44
9:13:33,-1.55
9:13:34,-1.47
9:13:35,-1.37
9:13:36,-1.37
9:13:37,-1.44
9:13:38,-1.48
9:13:39,-1.48
9:13:40,-1.43
9:13:41,-1.36
9:13:42,-1.16
9:13:43,-0.88
9:13:44,-0.85
9:13:45,-1.01
9:13:46,-1.23
9:13:47,-1.33
9:13:48,-1.35
9:13:49,-1.51
9:13:50,-1.54
9:13:51,-1.42
9:13:52,-1.3
9:13:53,-1.24
9:13:54,-1.21
9:13:55,-1.25
9:13:56,-1.25
9:13:57,-1.26
9:13:58,-1.29
9:13:59,-1.33
9:14:00,-1.31
9:14:01,-1.22
9:14:02,-1.06
9:14:03,-0.88
9:14:04,-0.91
9:14:05,-0.84
9:14:06,-0.79
9:14:07,-0.66
9:14:08,-0.56
9:14:09,-0.54
9:14:10,-0.56
9:14:11,-0.59
9:14:12,-0.6
9:14:13,-0.72
9:14:14,-0.96
9:14:15,-1.2
9:14:16,-1.43
9:14:17,-1.6
9:14:18,-1.75
9:14:19,-1.9
9:14:20,-2.05
9:14:21,-2.25
9:14:22,-2.51
9:14:23,-2.71
9:14:24,-2.74
9:14:25,-2.64
9:14:26,-2.42
9:14:27,-2.25
9:14:28,-2.13
9:14:29,-2.05
9:14:30,-2.05
9:14:31,-2.09
9:14:32,-2.11
9:14:33,-2.1
9:14:34,-2.16
9:14:35,-2.2
9:14:36,-2.14
9:14:37,-2.17
9:14:38,-2.23
9:14:39,-2.24
9:14:40,-2.24
9:14:41,-2.15
9:14:42,-1.96
9:14:43,-1.69
9:14:44,-1.43
9:14:45,-1.19
9:14:46,-1.32
9:14:47,-1.65
9:14:48,-1.95
9:14:49,-2.23
9:14:50,-2.48
9:14:51,-2.68
9:14:52,-2.93
9:14:53,-3.13
9:14:54,-3.22
9:14:55,-3.15
9:14:56,-3.13
9:14:57,-3.04
9:14:58,-2.96
9:14:59,-2.84
9:15:00,-2.7
9:00:01,0.39
9:30:01,0.06
9:30:03,0.04
9:30:05,0.02
9:30:07,0.06
9:30:09,0.03
9:30:11,0.01
9:30:13,0.04
9:30:15,0.11
9:30:17,0.12
9:30:19,0.04
9:30:21,0.07
9:30:23,0.07
9:30:25,0.11
9:30:27,0.03
9:30:29,0.01
9:30:31,0.05
9:30:33,0.08
9:30:35,0.05
9:30:37,0.04
9:30:39,0.07
9:30:41,0.07
9:30:43,0.04
9:30:45,0.06
9:30:47,0.09
9:30:49,0.07
9:30:51,0.06
9:30:53,0.01
9:30:55,0.05
9:30:57,0.01
9:30:59,-0.01
9:31:01,0.04
9:31:03,0.0
9:31:05,-0.02
9:31:07,-0.04
9:31:09,0.03
9:31:11,0.01
9:31:13,-0.03
9:31:15,-0.01
9:31:17,-0.04
9:31:19,-0.04
9:31:21,0.0
9:31:23,-0.01
9:31:25,-0.05
9:31:27,-0.06
9:31:29,0.0
9:31:31,0.02
9:31:33,-0.02
9:31:35,-0.03
9:31:37,0.0
9:31:39,0.0
9:31:41,0.0
9:31:43,-0.01
9:31:45,0.02
9:31:47,0.04
9:31:49,0.02
9:31:51,0.0
9:31:53,0.06
9:31:55,0.03
9:31:57,0.04
9:31:59,0.03
9:32:01,0.05
9:32:03,0.07
9:32:05,0.06
9:32:07,0.06
9:32:09,0.11
9:32:11,0.09
9:32:13,0.06
9:32:15,0.04
9:32:17,0.08
9:32:19,0.02
9:32:21,0.02
9:32:23,0.06
9:32:25,0.04
9:32:27,0.06
9:32:29,0.01
9:32:31,0.05
9:32:33,0.04
9:32:35,0.04
9:32:37,0.09
9:32:39,0.05
9:32:41,0.07
9:32:43,0.06
9:32:45,0.11
9:32:47,0.06
9:32:49,0.05
9:32:51,0.11
9:32:53,0.15
9:32:55,0.13
9:32:57,0.13
9:32:59,0.12
9:33:01,0.15
9:33:03,0.14
9:33:05,0.12
9:33:07,0.13
9:33:09,0.14
9:33:11,0.13
9:33:13,0.15
9:33:15,0.15
9:33:17,0.16
9:33:19,0.17
9:33:21,0.13
9:33:23,0.12
9:33:25,0.12
9:33:27,0.13
9:33:29,0.16
9:33:31,0.14
9:33:33,0.13
9:33:35,0.15
9:33:37,0.12
9:33:39,0.09
9:33:41,0.13
9:33:43,0.16
9:33:45,0.13
9:33:47,0.11
9:33:49,0.15
9:33:51,0.18
9:33:53,0.12
9:33:55,0.14
9:33:57,0.15
9:33:59,0.17
9:34:01,0.12
9:34:03,0.11
9:34:05,0.1
9:34:07,0.15
9:34:09,0.12
9:34:11,0.06
9:34:13,0.08
9:34:15,0.12
9:34:17,0.09
9:34:19,0.06
9:34:21,0.08
9:34:23,0.1
9:34:25,0.06
9:34:27,0.04
9:34:29,0.09
9:34:31,0.09
9:34:33,0.11
9:34:35,0.06
9:34:37,0.05
9:34:39,0.07
9:34:41,0.1
9:34:43,0.12
9:34:45,0.12
9:34:47,0.11
9:34:49,0.1
9:34:51,0.07
9:34:53,0.06
9:34:55,0.09
9:34:57,0.04
9:34:59,0.03
9:35:01,0.07
9:35:03,0.07
9:35:05,0.1
9:35:07,0.07
9:35:09,0.05
9:35:11,0.12
9:35:13,0.16
9:35:15,0.14
9:35:17,0.1
9:35:19,0.15
9:35:21,0.12
9:35:23,0.12
9:35:25,0.09
9:35:27,0.12
9:35:29,0.09
9:35:31,0.07
9:35:33,0.08
9:35:35,0.13
9:35:37,0.09
9:35:39,0.04
9:35:41,0.1
9:35:43,0.1
9:35:45,0.12
9:35:47,0.06
9:35:49,0.09
9:35:51,0.14
9:35:53,0.04
9:35:55,0.11
9:35:57,0.08
9:35:59,0.1
9:36:01,0.11
9:36:03,0.09
9:36:05,0.13
9:36:07,0.14
9:36:09,0.09
9:36:11,0.08
9:36:13,0.11
9:36:15,0.13
9:36:17,0.07
9:36:19,0.07
9:36:21,0.13
9:36:23,0.08
9:36:25,0.09
9:36:27,0.06
9:36:29,0.1
9:36:31,0.06
9:36:33,0.05
9:36:35,0.07
9:36:37,0.09
9:36:39,0.09
9:36:41,0.08
9:36:43,0.11
9:36:45,0.08
9:36:47,0.09
9:36:49,0.12
9:36:51,0.13
9:36:53,0.08
9:36:55,0.08
9:36:57,0.12
9:36:59,0.11
9:37:01,0.12
9:37:03,0.1
9:37:05,0.06
9:37:07,0.09
9:37:09,0.1
9:37:11,0.07
9:37:13,0.11
9:37:15,0.09
9:37:17,0.08
9:37:19,0.06
9:37:21,0.09
9:37:23,0.14
9:37:25,0.08
9:37:27,0.09
9:37:29,0.11
9:37:31,0.17
9:37:33,0.13
9:37:35,0.11
9:37:37,0.12
9:37:39,0.16
9:37:41,0.12
9:37:43,0.11
9:37:45,0.1
9:37:47,0.1
9:37:49,0.12
9:37:51,0.16
9:37:53,0.1
9:37:55,0.09
9:37:57,0.12
9:37:59,0.17
9:38:01,0.12
9:38:03,0.09
9:38:05,0.12
9:38:07,0.13
9:38:09,0.15
9:38:11,0.12
9:38:13,0.11
9:38:15,0.16
9:38:17,0.15
9:38:19,0.13
9:38:21,0.17
9:38:23,0.17
9:38:25,0.14
9:38:27,0.09
9:38:29,0.16
9:38:31,0.17
9:38:33,0.15
9:38:35,0.11
9:38:37,0.09
9:38:39,0.14
9:38:41,0.13
9:38:43,0.05
9:38:45,0.12
9:38:47,0.16
9:38:49,0.13
9:38:51,0.13
9:38:53,0.09
9:38:55,0.14
9:38:57,0.1
9:38:59,0.1
9:39:01,0.12
9:39:03,0.16
9:39:05,0.12
9:39:07,0.15
9:39:09,0.11
9:39:11,0.14
9:39:13,0.2
9:39:15,0.19
9:39:17,0.19
9:39:19,0.22
9:39:21,0.19
9:39:23,0.17
9:39:25,0.17
9:39:27,0.18
9:39:29,0.19
9:39:31,0.13
9:39:33,0.17
9:39:35,0.18
9:39:37,0.14
9:39:39,0.16
9:39:41,0.2
9:39:43,0.19
9:39:45,0.16
9:39:47,0.1
9:39:49,0.13
9:39:51,0.14
9:39:53,0.1
9:39:55,0.11
9:39:57,0.1
9:39:59,0.13
9:40:01,0.1
9:40:03,0.1
9:40:05,0.15
9:40:07,0.1
9:40:09,0.15
9:40:11,0.13
9:40:13,0.14
9:40:15,0.13
9:40:17,0.18
9:40:19,0.19
9:40:21,0.16
9:40:23,0.13
9:40:25,0.18
9:40:27,0.17
9:40:29,0.13
9:40:31,0.17
9:40:33,0.17
9:40:35,0.15
9:40:37,0.11
9:40:39,0.15
9:40:41,0.13
9:40:43,0.11
9:40:45,0.12
9:40:47,0.15
9:40:49,0.16
9:40:51,0.15
9:40:53,0.13
9:40:55,0.2
9:40:57,0.21
9:40:59,0.15
9:41:01,0.15
9:41:03,0.14
9:41:05,0.15
9:41:07,0.14
9:41:09,0.12
9:41:11,0.14
9:41:13,0.16
9:41:15,0.17
9:41:17,0.14
9:41:19,0.13
9:41:21,0.22
9:41:23,0.26
9:41:25,0.23
9:41:27,0.21
9:41:29,0.23
9:41:31,0.25
9:41:33,0.21
9:41:35,0.24
9:41:37,0.18
9:41:39,0.16
9:41:41,0.21
9:41:43,0.23
9:41:45,0.23
9:41:47,0.15
9:41:49,0.15
9:41:51,0.19
9:41:53,0.18
9:41:55,0.17
9:41:57,0.16
9:41:59,0.17
9:42:01,0.18
9:42:03,0.18
9:42:05,0.17
9:42:07,0.25
9:42:09,0.2
9:42:11,0.27
9:42:13,0.22
9:42:15,0.28
9:42:17,0.2
9:42:19,0.17
9:42:21,0.18
9:42:23,0.24
9:42:25,0.25
9:42:27,0.3
9:42:29,0.25
9:42:31,0.25
9:42:33,0.19
9:42:35,0.18
9:42:37,0.19
9:42:39,0.2
9:42:41,0.19
9:42:43,0.13
9:42:45,0.22
9:42:47,0.18
9:42:49,0.18
9:42:51,0.09
9:42:53,0.18
9:42:55,0.21
9:42:57,0.2
9:42:59,0.18
9:43:01,0.16
9:43:03,0.18
9:43:05,0.15
9:43:07,0.15
9:43:09,0.18
9:43:11,0.12
9:43:13,0.15
9:43:15,0.16
9:43:17,0.17
9:43:19,0.12
9:43:21,0.17
9:43:23,0.17
9:43:25,0.15
9:43:27,0.16
9:43:29,0.19
9:43:31,0.21
9:43:33,0.23
9:43:35,0.23
9:43:37,0.23
9:43:39,0.24
9:43:41,0.28
9:43:43,0.22
9:43:45,0.25
9:43:47,0.24
9:43:49,0.22
9:43:51,0.22
9:43:53,0.16
9:43:55,0.22
9:43:57,0.21
9:43:59,0.22
9:44:01,0.2
9:44:03,0.16
9:44:05,0.15
9:44:07,0.18
9:44:09,0.16
9:44:11,0.19
9:44:13,0.17
9:44:15,0.18
9:44:17,0.16
9:44:19,0.16
9:44:21,0.13
9:44:23,0.17
9:44:25,0.17
9:44:27,0.13
9:44:29,0.17
9:44:31,0.19
9:44:33,0.17
9:44:35,0.16
9:44:37,0.17
9:44:39,0.18
9:44:41,0.14
9:44:43,0.16
9:44:45,0.18
9:44:47,0.16
9:44:49,0.17
9:44:51,0.17
9:44:53,0.17
9:44:55,0.16
9:44:57,0.18
9:44:59,0.14
9:50:00,0.17
9:50:01,0.18
9:50:02,0.18
9:50:03,0.18
9:50:04,0.15
9:50:05,0.15
9:50:06,0.15
9:50:07,0.14
9:50:08,0.14
9:50:09,0.15
9:50:10,0.17
9:50:11,0.15
9:50:12,0.16
9:50:13,0.12
9:50:14,0.14
9:50:15,0.15
9:50:16,0.2
9:50:17,0.2
9:50:18,0.19
9:50:19,0.16
9:50:20,0.12
9:50:21,0.17
9:50:22,0.15
9:50:23,0.16
9:50:24,0.16
9:50:25,0.16
9:50:26,0.17
9:50:27,0.14
9:50:28,0.13
9:50:29,0.17
9:50:30,0.18
9:50:31,0.18
9:50:32,0.19
9:50:33,0.11
9:50:34,0.11
9:50:35,0.1
9:50:36,0.07
9:50:37,0.11
9:50:38,0.13
9:50:39,0.2
9:50:40,0.26
9:50:41,0.25
9:50:42,0.29
9:50:43,0.3
9:50:44,0.31
9:50:45,0.23
9:50:46,-0.19
9:50:47,-0.75
9:50:48,-1.07
9:50:49,-1.31
9:50:50,-1.5
9:50:51,-1.68
9:50:52,-1.66
9:50:53,-1.59
9:50:54,-1.52
9:50:55,-1.37
9:50:56,-1.15
9:50:57,-1.05
9:50:58,-0.96
9:50:59,-1.0
9:51:00,-1.23
9:51:01,-1.12
9:51:02,-0.96
9:51:03,-0.81
9:51:04,-0.63
9:51:05,-0.41
9:51:06,-0.24
9:51:07,-0.06
9:51:08,0.1
9:51:09,0.23
9:51:10,0.21
9:51:11,0.12
9:51:12,0.07
9:51:13,0.11
9:51:14,0.11
9:51:15,0.1
9:51:16,-0.03
9:51:17,0.04
9:51:18,0.06
9:51:19,0.17
9:51:20,0.21
9:51:21,0.24
9:51:22,0.24
9:51:23,0.27
9:51:24,0.32
9:51:25,0.22
9:51:26,0.23
9:51:27,0.21
9:51:28,0.26
9:51:29,0.28
9:51:30,0.26
9:51:31,0.27
9:51:32,0.26
9:51:33,0.25
9:51:34,0.26
9:51:35,0.26
9:51:36,0.3
9:51:37,0.3
9:51:38,0.29
9:51:39,0.34
9:51:40,0.34
9:51:41,0.37
9:51:42,0.34
9:51:43,0.36
9:51:44,0.34
9:51:45,0.34
9:51:46,0.34
9:51:47,0.37
9:51:48,0.36
9:51:49,0.31
9:51:50,0.29
9:51:51,0.3
9:51:52,0.32
9:51:53,0.3
9:51:54,0.3
9:51:55,0.31
9:51:56,0.3
9:51:57,0.3
9:51:58,0.27
9:51:59,0.25
9:52:00,0.27
9:52:01,0.25
9:52:02,0.22
9:52:03,0.18
9:52:04,0.26
9:52:05,0.32
9:52:06,0.33
9:52:07,0.33
9:52:08,0.31
9:52:09,0.31
9:52:10,0.3
9:52:11,0.34
9:52:12,0.31
9:52:13,0.33
9:52:14,0.33
9:52:15,0.3
9:52:16,0.3
9:52:17,0.32
9:52:18,0.3
9:52:19,0.32
9:52:20,0.28
9:52:21,0.28
9:52:22,0.31
9:52:23,0.31
9:52:24,0.32
9:52:25,0.3
9:52:26,0.31
9:52:27,0.31
9:52:28,0.32
9:52:29,0.31
9:52:30,0.3
9:52:31,0.32
9:52:32,0.32
9:52:33,0.31
9:52:34,0.35
9:52:35,0.36
9:52:36,0.36
9:52:37,0.32
9:52:38,0.32
9:52:39,0.3
9:52:40,0.32
9:52:41,0.32
9:52:42,0.31
9:52:43,0.31
9:52:44,0.3
9:52:45,0.26
9:52:46,0.29
9:52:47,0.32
9:52:48,0.33
9:52:49,0.31
9:52:50,0.36
9:52:51,0.32
9:52:52,0.34
9:52:53,0.36
9:52:54,0.36
9:52:55,0.37
9:52:56,0.32
9:52:57,0.32
9:52:58,0.35
9:52:59,0.35
9:53:00,0.34
9:53:01,0.35
9:53:02,0.38
9:53:03,0.35
9:53:04,0.34
9:53:05,0.33
9:53:06,0.31
9:53:07,0.31
9:53:08,0.33
9:53:09,0.32
9:53:10,0.29
9:53:11,0.33
9:53:12,0.35
9:53:13,0.32
9:53:14,0.33
9:53:15,0.32
9:53:16,0.33
9:53:17,0.34
9:53:18,0.33
9:53:19,0.33
9:53:20,0.35
9:53:21,0.37
9:53:22,0.37
9:53:23,0.39
9:53:24,0.34
9:53:25,0.35
9:53:26,0.36
9:53:27,0.35
9:53:28,0.37
9:53:29,0.38
9:53:30,0.38
9:53:31,0.4
9:53:32,0.41
9:53:33,0.36
9:53:34,0.32
9:53:35,0.29
9:53:36,0.3
9:53:37,0.25
9:53:38,0.28
9:53:39,0.29
9:53:40,0.34
9:53:41,0.36
9:53:42,0.37
9:53:43,0.34
9:53:44,0.34
9:53:45,0.33
9:53:46,0.34
9:53:47,0.36
9:53:48,0.35
9:53:49,0.37
9:53:50,0.32
9:53:51,0.36
9:53:52,0.37
9:53:53,0.36
9:53:54,0.4
9:53:55,0.4
9:53:56,0.38
9:53:57,0.37
9:53:58,0.35
9:53:59,0.38
9:54:00,0.41
9:54:01,0.4
9:54:02,0.39
9:54:03,0.35
9:54:04,0.38
9:54:05,0.41
9:54:06,0.4
9:54:07,0.38
9:54:08,0.4
9:54:09,0.41
9:54:10,0.4
9:54:11,0.39
9:54:12,0.38
9:54:13,0.38
9:54:14,0.4
9:54:15,0.39
9:54:16,0.38
9:54:17,0.36
9:54:18,0.38
9:54:19,0.37
9:54:20,0.35
9:54:21,0.37
9:54:22,0.37
9:54:23,0.4
9:54:24,0.42
9:54:25,0.39
9:54:26,0.39
9:54:27,0.39
9:54:28,0.41
9:54:29,0.38
9:54:30,0.38
9:54:31,0.37
9:54:32,0.38
9:54:33,0.37
9:54:34,0.37
9:54:35,0.37
9:54:36,0.34
9:54:37,0.36
9:54:38,0.36
9:54:39,0.35
9:54:40,0.3
9:54:41,0.32
9:54:42,0.34
9:54:43,0.36
9:54:44,0.36
9:54:45,0.34
9:54:46,0.35
9:54:47,0.37
9:54:48,0.37
9:54:49,0.35
9:54:50,0.32
9:54:51,0.34
9:54:52,0.35
9:54:53,0.34
9:54:54,0.32
9:54:55,0.35
9:54:56,0.43
9:54:57,0.47
9:54:58,0.43
9:54:59,0.35
9:55:00,0.36
9:55:01,0.34
9:55:02,0.33
9:55:03,0.35
9:55:04,0.35
9:55:05,0.34
9:55:06,0.36
9:55:07,0.33
9:55:08,0.37
9:55:09,0.34
9:55:10,0.37
9:55:11,0.28
9:55:12,0.27
9:55:13,0.3
9:55:14,0.28
9:55:15,0.33
9:55:16,0.38
9:55:17,0.38
9:55:18,0.38
9:55:19,0.39
9:55:20,0.39
9:55:21,0.4
9:55:22,0.42
9:55:23,0.42
9:55:24,0.43
9:55:25,0.45
9:55:26,0.44
9:55:27,0.43
9:55:28,0.41
9:55:29,0.44
9:55:30,0.46
9:55:31,0.44
9:55:32,0.42
9:55:33,0.38
9:55:34,0.39
9:55:35,0.32
9:55:36,0.34
9:55:37,0.39
9:55:38,0.4
9:55:39,0.39
9:55:40,0.39
9:55:41,0.41
9:55:42,0.39
9:55:43,0.41
9:55:44,0.41
9:55:45,0.42
9:55:46,0.39
9:55:47,0.36
9:55:48,0.34
9:55:49,0.36
9:55:50,0.36
9:55:51,0.36
9:55:52,0.38
9:55:53,0.4
9:55:54,0.37
9:55:55,0.39
9:55:56,0.4
9:55:57,0.4
9:55:58,0.42
9:55:59,0.42
9:56:00,0.39
9:56:01,0.39
9:56:02,0.4
9:56:03,0.42
9:56:04,0.4
9:56:05,0.41
9:56:06,0.4
9:56:07,0.39
9:56:08,0.4
9:56:09,0.4
9:56:10,0.41
9:56:11,0.39
9:56:12,0.42
9:56:13,0.43
9:56:14,0.39
9:56:15,0.4
9:56:16,0.39
9:56:17,0.39
9:56:18,0.37
9:56:19,0.4
9:56:20,0.37
9:56:21,0.37
9:56:22,0.38
9:56:23,0.38
9:56:24,0.38
9:56:25,0.38
9:56:26,0.38
9:56:27,0.38
9:56:28,0.38
9:56:29,0.39
9:56:30,0.39
9:56:31,0.39
9:56:32,0.35
9:56:33,0.39
9:56:34,0.38
9:56:35,0.37
9:56:36,0.4
9:56:37,0.39
9:56:38,0.39
9:56:39,0.38
9:56:40,0.39
9:56:41,0.4
9:56:42,0.42
9:56:43,0.43
9:56:44,0.41
9:56:45,0.4
9:56:46,0.44
9:56:47,0.45
9:56:48,0.43
9:56:49,0.41
9:56:50,0.41
9:56:51,0.42
9:56:52,0.42
9:56:53,0.41
9:56:54,0.39
9:56:55,0.38
9:56:56,0.41
9:56:57,0.4
9:56:58,0.4
9:56:59,0.4
9:57:00,0.43
9:57:01,0.42
9:57:02,0.41
9:57:03,0.39
9:57:04,0.4
9:57:05,0.44
9:57:06,0.46
9:57:07,0.43
9:57:08,0.42
9:57:09,0.42
9:57:10,0.4
9:57:11,0.38
9:57:12,0.4
9:57:13,0.41
9:57:14,0.41
9:57:15,0.42
9:57:16,0.42
9:57:17,0.41
9:57:18,0.41
9:57:19,0.4
9:57:20,0.4
9:57:21,0.37
9:57:22,0.35
9:57:23,0.37
9:57:24,0.36
9:57:25,0.38
9:57:26,0.37
9:57:27,0.39
9:57:28,0.39
9:57:29,0.39
9:57:30,0.38
9:57:31,0.37
9:57:32,0.37
9:57:33,0.35
9:57:34,0.33
9:57:35,0.3
9:57:36,0.28
9:57:37,0.31
9:57:38,0.32
9:57:39,0.32
9:57:40,0.38
9:57:41,0.38
9:57:42,0.4
9:57:43,0.41
9:57:44,0.43
9:57:45,0.42
9:57:46,0.41
9:57:47,0.43
9:57:48,0.43
9:57:49,0.4
9:57:50,0.42
9:57:51,0.42
9:57:52,0.41
9:57:53,0.39
9:57:54,0.38
9:57:55,0.42
9:57:56,0.4
9:57:57,0.42
9:57:58,0.42
9:57:59,0.38
9:58:00,0.38
9:58:01,0.41
9:58:02,0.39
9:58:03,0.38
9:58:04,0.37
9:58:05,0.35
9:58:06,0.37
9:58:07,0.37
9:58:08,0.39
9:58:09,0.35
9:58:10,0.34
9:58:11,0.38
9:58:12,0.41
9:58:13,0.4
9:58:14,0.38
9:58:15,0.36
9:58:16,0.39
9:58:17,0.35
9:58:18,0.39
9:58:19,0.4
9:58:20,0.39
9:58:21,0.43
9:58:22,0.42
9:58:23,0.4
9:58:24,0.37
9:58:25,0.4
9:58:26,0.4
9:58:27,0.41
9:58:28,0.41
9:58:29,0.39
9:58:30,0.43
9:58:31,0.41
9:58:32,0.43
9:58:33,0.45
9:58:34,0.42
9:58:35,0.46
9:58:36,0.45
9:58:37,0.45
9:58:38,0.41
9:58:39,0.39
9:58:40,0.36
9:58:41,0.33
9:58:42,0.38
9:58:43,0.36
9:58:44,0.37
9:58:45,0.37
9:58:46,0.34
9:58:47,0.38
9:58:48,0.36
9:58:49,0.39
9:58:50,0.4
9:58:51,0.42
9:58:52,0.42
9:58:53,0.42
9:58:54,0.4
9:58:55,0.42
9:58:56,0.42
9:58:57,0.42
9:58:58,0.42
9:58:59,0.43
9:59:00,0.41
9:59:01,0.45
9:59:02,0.37
9:59:03,0.36
9:59:04,0.35
9:59:05,0.37
9:59:06,0.35
9:59:07,0.37
9:59:08,0.4
9:59:09,0.39
9:59:10,0.41
9:59:11,0.43
9:59:12,0.43
9:59:13,0.44
9:59:14,0.45
9:59:15,0.46
9:59:16,0.48
9:59:17,0.48
9:59:18,0.49
9:59:19,0.55
9:59:20,0.56
9:59:21,0.53
9:59:22,0.52
9:59:23,0.52
9:59:24,0.54
9:59:25,0.52
9:59:26,0.51
9:59:27,0.53
9:59:28,0.53
9:59:29,0.53
9:59:30,0.5
9:59:31,0.48
9:59:32,0.49
9:59:33,0.5
9:59:34,0.48
9:59:35,0.47
9:59:36,0.44
9:59:37,0.41
9:59:38,0.45
9:59:39,0.43
9:59:40,0.4
9:59:41,0.43
9:59:42,0.42
9:59:43,0.4
9:59:44,0.41
9:59:45,0.36
9:59:46,0.4
9:59:47,0.38
9:59:48,0.35
9:59:49,0.29
9:59:50,0.28
9:59:51,0.23
9:59:52,0.24
9:59:53,0.25
9:59:54,0.24
9:59:55,0.23
9:59:56,0.27
9:59:57,0.28
9:59:58,0.34
9:59:59,0.33
10:00:02,0.36
10:00:03,0.38
10:00:04,0.35
10:00:05,0.3
10:00:06,0.25
10:00:07,0.24
10:00:08,0.27
10:00:09,0.3
10:00:10,0.33
10:00:11,0.37
10:00:12,0.37
10:00:13,0.37
10:00:14,0.37
10:00:15,0.36
10:00:16,0.38
10:00:17,0.37
10:00:18,0.39
10:00:19,0.41
10:00:20,0.4
10:00:21,0.36
10:00:22,0.37
10:00:23,0.35
10:00:24,0.34
10:00:25,0.34
10:00:26,0.35
10:00:27,0.36
10:00:28,0.38
10:00:29,0.4
10:00:30,0.37
10:00:31,0.4
10:00:32,0.37
10:00:33,0.37
10:00:34,0.4
10:00:35,0.4
10:00:36,0.4
10:00:37,0.38
10:00:38,0.41
10:00:39,0.4
10:00:40,0.43
10:00:41,0.42
10:00:42,0.4
10:00:43,0.41
10:00:44,0.42
10:00:45,0.42
10:00:46,0.4
10:00:47,0.38
10:00:48,0.37
10:00:49,0.39
10:00:50,0.39
10:00:51,0.38
10:00:52,0.4
10:00:53,0.41
10:00:54,0.41
10:00:55,0.41
10:00:56,0.41
10:00:57,0.42
10:00:58,0.39
10:00:59,0.4
10:01:00,0.4
10:01:01,0.36
10:01:02,0.4
10:01:03,0.39
10:01:04,0.38
10:01:05,0.34
10:01:06,0.35
10:01:07,0.38
10:01:08,0.38
10:01:09,0.37
10:01:10,0.34
10:01:11,0.36
10:01:12,0.38
10:01:13,0.35
10:01:14,0.38
10:01:15,0.37
10:01:16,0.4
10:01:17,0.39
10:01:18,0.4
10:01:19,0.39
10:01:20,0.42
10:01:21,0.42
10:01:22,0.43
10:01:23,0.43
10:01:24,0.46
10:01:25,0.41
10:01:26,0.46
10:01:27,0.47
10:01:28,0.44
10:01:29,0.47
10:01:30,0.44
10:01:31,0.46
10:01:32,0.48
10:01:33,0.47
10:01:34,0.46
10:01:35,0.46
10:01:36,0.44
10:01:37,0.48
10:01:38,0.46
10:01:39,0.46
10:01:40,0.49
10:01:41,0.46
10:01:42,0.43
10:01:43,0.45
10:01:44,0.43
10:01:45,0.42
10:01:46,0.44
10:01:47,0.44
10:01:48,0.45
10:01:49,0.43
10:01:50,0.44
10:01:51,0.41
10:01:52,0.45
10:01:53,0.45
10:01:54,0.45
10:01:55,0.44
10:01:56,0.42
10:01:57,0.42
10:01:58,0.42
10:01:59,0.41
10:02:00,0.44
10:02:01,0.41
10:02:02,0.43
10:02:03,0.43
10:02:04,0.41
10:02:05,0.45
10:02:06,0.46
10:02:07,0.45
10:02:08,0.42
10:02:09,0.45
10:02:10,0.42
10:02:11,0.45
10:02:12,0.43
10:02:13,0.41
10:02:14,0.39
10:02:15,0.42
10:02:16,0.4
10:02:17,0.41
10:02:18,0.42
10:02:19,0.41
10:02:20,0.4
10:02:21,0.43
10:02:22,0.42
10:02:23,0.43
10:02:24,0.43
10:02:25,0.43
10:02:26,0.43
10:02:27,0.41
10:02:28,0.43
10:02:29,0.43
10:02:30,0.42
10:02:31,0.41
10:02:32,0.43
10:02:33,0.44
10:02:34,0.41
10:02:35,0.43
10:02:36,0.41
10:02:37,0.43
10:02:38,0.43
10:02:39,0.38
10:02:40,0.42
10:02:41,0.41
10:02:42,0.4
10:02:43,0.46
10:02:44,0.44
10:02:45,0.45
10:02:46,0.42
10:02:47,0.46
10:02:48,0.42
10:02:49,0.47
10:02:50,0.47
10:02:51,0.48
10:02:52,0.44
10:02:53,0.47
10:02:54,0.46
10:02:55,0.45
10:02:56,0.46
10:02:57,0.47
10:02:58,0.46
10:02:59,0.44
10:03:00,0.42
10:03:01,0.43
10:03:02,0.43
10:03:03,0.45
10:03:04,0.44
10:03:05,0.4
10:03:06,0.42
10:03:07,0.41
10:03:08,0.41
10:03:09,0.41
10:03:10,0.4
10:03:11,0.42
10:03:12,0.45
10:03:13,0.43
10:03:14,0.4
10:03:15,0.4
10:03:16,0.37
10:03:17,0.34
10:03:18,0.36
10:03:19,0.35
10:03:20,0.37
10:03:21,0.39
10:03:22,0.39
10:03:23,0.38
10:03:24,0.36
10:03:25,0.41
10:03:26,0.39
10:03:27,0.39
10:03:28,0.4
10:03:29,0.39
10:03:30,0.38
10:03:31,0.41
10:03:32,0.4
10:03:33,0.37
10:03:34,0.4
10:03:35,0.4
10:03:36,0.4
10:03:37,0.39
10:03:38,0.39
10:03:39,0.43
10:03:40,0.4
10:03:41,0.43
10:03:42,0.43
10:03:43,0.41
10:03:44,0.39
10:03:45,0.42
10:03:46,0.43
10:03:47,0.43
10:03:48,0.43
10:03:49,0.41
10:03:50,0.42
10:03:51,0.43
10:03:52,0.4
10:03:53,0.42
10:03:54,0.41
10:03:55,0.39
10:03:56,0.4
10:03:57,0.4
10:03:58,0.41
10:03:59,0.4
10:04:00,0.39
10:04:01,0.42
10:04:02,0.4
10:04:03,0.44
10:04:04,0.45
10:04:05,0.44
10:04:06,0.42
10:04:07,0.42
10:04:08,0.44
10:04:09,0.4
10:04:10,0.45
10:04:11,0.42
10:04:12,0.43
10:04:13,0.45
10:04:14,0.41
10:04:15,0.44
10:04:16,0.44
10:04:17,0.46
10:04:18,0.44
10:04:19,0.45
10:04:20,0.43
10:04:21,0.43
10:04:22,0.42
10:04:23,0.44
10:04:24,0.48
10:04:25,0.48
10:04:26,0.49
10:04:27,0.48
10:04:28,0.49
10:04:29,0.46
10:04:30,0.47
10:04:31,0.45
10:04:32,0.42
10:04:33,0.43
10:04:34,0.45
10:04:35,0.45
10:04:36,0.45
10:04:37,0.48
10:04:38,0.45
10:04:39,0.44
10:04:40,0.45
10:04:41,0.43
10:04:42,0.42
10:04:43,0.43
10:04:44,0.46
10:04:45,0.46
10:04:46,0.46
10:04:47,0.46
10:04:48,0.45
10:04:49,0.44
10:04:50,0.44
10:04:51,0.44
10:04:52,0.43
10:04:53,0.43
10:04:54,0.43
10:04:55,0.41
10:04:56,0.41
10:04:57,0.42
10:04:58,0.42
10:04:59,0.42
10:05:00,0.42
10:00:01,0.14
10:10:00,-0.25
10:10:01,-0.36
10:10:02,-0.42
10:10:03,-0.34
10:10:04,-0.22
10:10:05,-0.19
10:10:06,-0.21
10:10:07,-0.27
10:10:08,-0.32
10:10:09,-0.38
10:10:10,-0.38
10:10:11,-0.45
10:10:12,-0.45
10:10:13,-0.41
10:10:14,-0.31
10:10:15,-0.12
10:10:16,0.0
10:10:17,0.14
10:10:18,0.28
10:10:19,0.3
10:10:20,0.35
10:10:21,0.33
10:10:22,0.38
10:10:23,0.37
10:10:24,0.37
10:10:25,0.36
10:10:26,0.31
10:10:27,0.08
10:10:28,-0.07
10:10:29,-0.28
10:10:30,-0.32
10:10:31,-0.36
10:10:32,-0.38
10:10:33,-0.36
10:10:34,-0.36
10:10:35,-0.27
10:10:36,-0.25
10:10:37,-0.18
10:10:38,-0.03
10:10:39,0.0
10:10:40,0.0
10:10:41,0.0
10:10:42,0.07
10:10:43,0.13
10:10:44,0.11
10:10:45,0.08
10:10:46,0.14
10:10:47,0.24
10:10:48,0.24
10:10:49,0.2
10:10:50,0.09
10:10:51,-0.09
10:10:52,-0.25
10:10:53,-0.4
10:10:54,-0.48
10:10:55,-0.5
10:10:56,-0.43
10:10:57,-0.24
10:10:58,-0.27
10:10:59,-0.38
10:11:00,-0.32
10:11:01,-0.19
10:11:02,-0.32
10:11:03,-0.4
10:11:04,-0.44
10:11:05,-0.41
10:11:06,-0.43
10:11:07,-0.43
10:11:08,-0.38
10:11:09,-0.34
10:11:10,-0.24
10:11:11,-0.17
10:11:12,-0.02
10:11:13,0.08
10:11:14,0.25
10:11:15,0.33
10:11:16,0.32
10:11:17,0.38
10:11:18,0.34
10:11:19,0.33
10:11:20,0.32
10:11:21,0.32
10:11:22,0.35
10:11:23,0.45
10:11:24,0.43
10:11:25,0.41
10:11:26,0.36
10:11:27,0.25
10:11:28,0.15
10:11:29,0.11
10:11:30,0.05
10:11:31,0.02
10:11:32,0.04
10:11:33,0.08
10:11:34,0.09
10:11:35,0.13
10:11:36,0.12
10:11:37,0.24
10:11:38,0.24
10:11:39,0.27
10:11:40,0.29
10:11:41,0.29
10:11:42,0.31
10:11:43,0.29
10:11:44,0.24
10:11:45,0.17
10:11:46,0.08
10:11:47,0.05
10:11:48,-0.01
10:11:49,0.02
10:11:50,0.18
10:11:51,0.31
10:11:52,0.3
10:11:53,0.35
10:11:54,0.35
10:11:55,0.32
10:11:56,0.28
10:11:57,0.13
10:11:58,0.0
10:11:59,-0.13
10:12:00,-0.14
10:12:01,-0.17
10:12:02,-0.11
10:12:03,-0.03
10:12:04,0.06
10:12:05,0.14
10:12:06,0.17
10:12:07,0.27
10:12:08,0.27
10:12:09,0.32
10:12:10,0.31
10:12:11,0.2
10:12:12,0.04
10:12:13,-0.01
10:12:14,-0.03
10:12:15,0.02
10:12:16,0.07
10:12:17,0.07
10:12:18,0.06
10:12:19,0.02
10:12:20,-0.05
10:12:21,-0.07
10:12:22,-0.17
10:12:23,-0.22
10:12:24,-0.17
10:12:25,-0.09
10:12:26,0.04
10:12:27,0.03
10:12:28,-0.09
10:12:29,-0.23
10:12:30,-0.24
10:12:31,-0.17
10:12:32,-0.15
10:12:33,-0.12
10:12:34,-0.12
10:12:35,-0.08
10:12:36,-0.1
10:12:37,-0.07
10:12:38,0.01
10:12:39,0.04
10:12:40,0.18
10:12:41,0.29
10:12:42,0.32
10:12:43,0.4
10:12:44,0.4
10:12:45,0.36
10:12:46,0.21
10:12:47,0.12
10:12:48,0.05
10:12:49,-0.02
10:12:50,-0.12
10:12:51,-0.12
10:12:52,-0.1
10:12:53,-0.09
10:12:54,-0.07
10:12:55,-0.06
10:12:56,-0.04
10:12:57,0.02
10:12:58,0.03
10:12:59,0.09
10:13:00,0.1
10:13:01,0.09
10:13:02,0.1
10:13:03,0.17
10:13:04,0.12
10:13:05,0.09
10:13:06,0.08
10:13:07,0.08
10:13:08,0.01
10:13:09,-0.03
10:13:10,0.0
10:13:11,-0.01
10:13:12,-0.11
10:13:13,-0.2
10:13:14,-0.23
10:13:15,-0.18
10:13:16,-0.06
10:13:17,-0.12
10:13:18,-0.09
10:13:19,-0.03
10:13:20,-0.09
10:13:21,-0.1
10:13:22,-0.18
10:13:23,-0.18
10:13:24,-0.2
10:13:25,-0.17
10:13:26,-0.2
10:13:27,-0.25
10:13:28,-0.15
10:13:29,-0.11
10:13:30,-0.06
10:13:31,-0.05
10:13:32,-0.07
10:13:33,0.05
10:13:34,0.15
10:13:35,0.14
10:13:36,0.16
10:13:37,0.1
10:13:38,0.07
10:13:39,0.0
10:13:40,-0.01
10:13:41,-0.02
10:13:42,-0.09
10:13:43,-0.25
10:13:44,-0.24
10:13:45,-0.22
10:13:46,-0.2
10:13:47,-0.06
10:13:48,0.05
10:13:49,0.21
10:13:50,0.11
10:13:51,0.1
10:13:52,0.03
10:13:53,-0.01
10:13:54,0.0
10:13:55,0.0
10:13:56,0.0
10:13:57,0.01
10:13:58,0.07
10:13:59,0.13
10:14:00,0.18
10:14:01,0.21
10:14:02,0.19
10:14:03,0.06
10:14:04,-0.07
10:14:05,-0.09
10:14:06,-0.14
10:14:07,-0.16
10:14:08,-0.21
10:14:09,-0.17
10:14:10,-0.1
10:14:11,-0.13
10:14:12,-0.15
10:14:13,-0.13
10:14:14,-0.1
10:14:15,-0.03
10:14:16,-0.03
10:14:17,-0.02
10:14:18,-0.02
10:14:19,-0.02
10:14:20,-0.07
10:14:21,-0.16
10:14:22,-0.27
10:14:23,-0.18
10:14:24,-0.11
10:14:25,-0.08
10:14:26,-0.04
10:14:27,0.01
10:14:28,0.05
10:14:29,0.07
10:14:30,0.03
10:14:31,0.02
10:14:32,0.01
10:14:33,0.07
10:14:34,0.02
10:14:35,-0.01
10:14:36,-0.1
10:14:37,-0.12
10:14:38,-0.16
10:14:39,-0.15
10:14:40,-0.1
10:14:41,-0.06
10:14:42,-0.03
10:14:43,0.0
10:14:44,0.05
10:14:45,0.1
10:14:46,-0.06
10:14:47,-0.2
10:14:48,-0.31
10:14:49,-0.33
10:14:50,-0.26
10:14:51,-0.23
10:14:52,-0.2
10:14:53,-0.13
10:14:54,-0.18
10:14:55,-0.16
10:14:56,-0.16
10:14:57,-0.08
10:14:58,-0.04
10:14:59,-0.1
10:15:00,-0.13
10:15:01,-0.11
10:15:02,-0.05
10:15:03,0.02
10:15:04,0.13
10:15:05,0.18
10:15:06,0.23
10:15:07,0.21
10:15:08,0.24
10:15:09,0.21
10:15:10,0.03
10:15:11,-0.04
10:15:12,-0.06
10:15:13,-0.07
10:15:14,-0.06
10:15:15,-0.09
10:15:16,-0.12
10:15:17,-0.15
10:15:18,-0.07
10:15:19,0.03
10:15:20,-0.02
10:15:21,-0.1
10:15:22,-0.16
10:15:23,-0.31
10:15:24,-0.34
10:15:25,-0.29
10:15:26,-0.31
10:15:27,-0.22
10:15:28,-0.26
10:15:29,-0.25
10:15:30,-0.21
10:15:31,-0.21
10:15:32,-0.18
10:15:33,-0.13
10:15:34,-0.15
10:15:35,-0.19
10:15:36,-0.21
10:15:37,-0.12
10:15:38,0.0
10:15:39,0.05
10:15:40,0.07
10:15:41,0.04
10:15:42,0.06
10:15:43,0.05
10:15:44,0.04
10:15:45,-0.03
10:15:46,-0.1
10:15:47,-0.12
10:15:48,-0.1
10:15:49,-0.05
10:15:50,-0.03
10:15:51,-0.05
10:15:52,-0.02
10:15:53,-0.03
10:15:54,-0.04
10:15:55,-0.05
10:15:56,-0.02
10:15:57,0.04
10:15:58,0.07
10:15:59,0.09
10:16:00,0.09
10:16:01,0.09
10:16:02,0.12
10:16:03,0.15
10:16:04,0.04
10:16:05,0.0
10:16:06,-0.03
10:16:07,0.0
10:16:08,0.07
10:16:09,0.16
10:16:10,0.23
10:16:11,0.27
10:16:12,0.3
10:16:13,0.33
10:16:14,0.38
10:16:15,0.39
10:16:16,0.4
10:16:17,0.39
10:16:18,0.4
10:16:19,0.38
10:16:20,0.35
10:16:21,0.32
10:16:22,0.31
10:16:23,0.3
10:16:24,0.29
10:16:25,0.29
10:16:26,0.28
10:16:27,0.27
10:16:28,0.28
10:16:29,0.3
10:16:30,0.34
10:16:31,0.37
10:16:32,0.39
10:16:33,0.4
10:16:34,0.42
10:16:35,0.42
10:16:36,0.42
10:16:37,0.43
10:16:38,0.44
10:16:39,0.43
10:16:40,0.41
10:16:41,0.39
10:16:42,0.37
10:16:43,0.32
10:16:44,0.3
10:16:45,0.29
10:16:46,0.29
10:16:47,0.31
10:16:48,0.34
10:16:49,0.35
10:16:50,0.32
10:16:51,0.3
10:16:52,0.31
10:16:53,0.32
10:16:54,0.3
10:16:55,0.24
10:16:56,0.26
10:16:57,0.3
10:16:58,0.35
10:16:59,0.36
10:17:00,0.37
10:17:01,0.38
10:17:02,0.41
10:17:03,0.43
10:17:04,0.45
10:17:05,0.44
10:17:06,0.45
10:17:07,0.44
10:17:08,0.41
10:17:09,0.39
10:17:10,0.34
10:17:11,0.27
10:17:12,0.28
10:17:13,0.08
10:17:14,0.02
10:17:15,0.02
10:17:16,0.04
10:17:17,0.14
10:17:18,0.29
10:17:19,0.28
10:17:20,0.22
10:17:21,0.14
10:17:22,0.05
10:17:23,0.04
10:17:24,0.07
10:17:25,0.16
10:17:26,0.17
10:17:27,0.22
10:17:28,0.28
10:17:29,0.3
10:17:30,0.35
10:17:31,0.38
10:17:32,0.39
10:17:33,0.38
10:17:34,0.36
10:17:35,0.35
10:17:36,0.33
10:17:37,0.3
10:17:38,0.25
10:17:39,0.15
10:17:40,0.13
10:17:41,0.15
10:17:42,0.18
10:17:43,0.17
10:17:44,0.14
10:17:45,0.11
10:17:46,0.12
10:17:47,0.18
10:17:48,0.23
10:17:49,0.25
10:17:50,0.26
10:17:51,0.26
10:17:52,0.21
10:17:53,0.25
10:17:54,0.28
10:17:55,0.29
10:17:56,0.27
10:17:57,0.21
10:17:58,0.18
10:17:59,0.21
10:18:00,0.28
10:18:01,0.32
10:18:02,0.32
10:18:03,0.29
10:18:04,0.21
10:18:05,0.18
10:18:06,0.23
10:18:07,0.26
10:18:08,0.27
10:18:09,0.28
10:18:10,0.28
10:18:11,0.27
10:18:12,0.28
10:18:13,0.29
10:18:14,0.3
10:18:15,0.32
10:18:16,0.34
10:18:17,0.35
10:18:18,0.34
10:18:19,0.34
10:18:20,0.33
10:18:21,0.35
10:18:22,0.32
10:18:23,0.33
10:18:24,0.34
10:18:25,0.25
10:18:26,0.15
10:18:27,0.02
10:18:28,0.13
10:18:29,0.23
10:18:30,0.33
10:18:31,0.36
10:18:32,0.38
10:18:33,0.34
10:18:34,0.34
10:18:35,0.38
10:18:36,0.38
10:18:37,0.37
10:18:38,0.32
10:18:39,0.23
10:18:40,0.11
10:18:41,0.08
10:18:42,0.16
10:18:43,0.07
10:18:44,0.04
10:18:45,-0.03
10:18:46,-0.07
10:18:47,-0.05
10:18:48,-0.04
10:18:49,-0.07
10:18:50,-0.11
10:18:51,-0.09
10:18:52,-0.18
10:18:53,-0.21
10:18:54,-0.21
10:18:55,-0.22
10:18:56,-0.15
10:18:57,-0.02
10:18:58,-0.13
10:18:59,-0.09
10:19:00,-0.01
10:19:01,-0.02
10:19:02,-0.04
10:19:03,-0.12
10:19:04,-0.18
10:19:05,-0.23
10:19:06,-0.24
10:19:07,-0.18
10:19:08,-0.12
10:19:09,-0.12
10:19:10,-0.06
10:19:11,-0.01
10:19:12,0.06
10:19:13,0.17
10:19:14,0.22
10:19:15,0.2
10:19:16,0.13
10:19:17,0.13
10:19:18,0.16
10:19:19,0.12
10:19:20,0.14
10:19:21,0.14
10:19:22,0.17
10:19:23,0.21
10:19:24,0.17
10:19:25,0.2
10:19:26,0.22
10:19:27,0.27
10:19:28,0.3
10:19:29,0.28
10:19:30,0.31
10:19:31,0.29
10:19:32,0.29
10:19:33,0.3
10:19:34,0.29
10:19:35,0.26
10:19:36,0.27
10:19:37,0.2
10:19:38,0.23
10:19:39,0.24
10:19:40,0.3
10:19:41,0.37
10:19:42,0.37
10:19:43,0.36
10:19:44,0.35
10:19:45,0.34
10:19:46,0.3
10:19:47,0.32
10:19:48,0.33
10:19:49,0.27
10:19:50,0.28
10:19:51,0.28
10:19:52,0.32
10:19:53,0.28
10:19:54,0.31
10:19:55,0.29
10:19:56,0.29
10:19:57,0.29
10:19:58,0.33
10:19:59,0.33
10:20:00,0.29
10:20:01,0.33
10:20:02,0.35
10:20:03,0.37
10:20:04,0.38
10:20:05,0.39
10:20:06,0.41
10:20:07,0.41
10:20:08,0.38
10:20:09,0.37
10:20:10,0.3
10:20:11,0.21
10:20:12,0.14
10:20:13,0.13
10:20:14,0.16
10:20:15,0.2
10:20:16,0.21
10:20:17,0.22
10:20:18,0.14
10:20:19,0.1
10:20:20,0.19
10:20:21,0.23
10:20:22,0.24
10:20:23,0.26
10:20:24,0.31
10:20:25,0.36
10:20:26,0.4
10:20:27,0.45
10:20:28,0.47
10:20:29,0.46
10:20:30,0.46
10:20:31,0.47
10:20:32,0.45
10:20:33,0.43
10:20:34,0.41
10:20:35,0.42
10:20:36,0.43
10:20:37,0.47
10:20:38,0.44
10:20:39,0.45
10:20:40,0.41
10:20:41,0.39
10:20:42,0.34
10:20:43,0.37
10:20:44,0.36
10:20:45,0.31
10:20:46,0.3
10:20:47,0.22
10:20:48,0.24
10:20:49,0.32
10:20:50,0.36
10:20:51,0.33
10:20:52,0.33
10:20:53,0.33
10:20:54,0.36
10:20:55,0.3
10:20:56,0.31
10:20:57,0.23
10:20:58,0.21
10:20:59,0.18
10:21:00,0.1
10:21:01,0.03
10:21:02,0.0
10:21:03,0.01
10:21:04,0.08
10:21:05,0.08
10:21:06,0.08
10:21:07,0.09
10:21:08,0.14
10:21:09,0.11
10:21:10,0.07
10:21:11,-0.05
10:21:12,0.0
10:21:13,0.05
10:21:14,0.06
10:21:15,0.05
10:21:16,0.0
10:21:17,0.05
10:21:18,0.04
10:21:19,0.1
10:21:20,0.17
10:21:21,0.16
10:21:22,0.19
10:21:23,0.26
10:21:24,0.36
10:21:25,0.35
10:21:26,0.29
10:21:27,0.16
10:21:28,-0.02
10:21:29,0.0
10:21:30,0.01
10:21:31,-0.02
10:21:32,0.04
10:21:33,0.09
10:21:34,0.19
10:21:35,0.3
10:21:36,0.39
10:21:37,0.38
10:21:38,0.41
10:21:39,0.43
10:21:40,0.46
10:21:41,0.44
10:21:42,0.42
10:21:43,0.39
10:21:44,0.41
10:21:45,0.42
10:21:46,0.37
10:21:47,0.38
10:21:48,0.39
10:21:49,0.41
10:21:50,0.45
10:21:51,0.42
10:21:52,0.4
10:21:53,0.42
10:21:54,0.45
10:21:55,0.41
10:21:56,0.32
10:21:57,0.26
10:21:58,0.18
10:21:59,0.16
10:22:00,0.09
10:22:01,0.07
10:22:02,0.06
10:22:03,0.06
10:22:04,0.12
10:22:05,0.16
10:22:06,0.24
10:22:07,0.36
10:22:08,0.39
10:22:09,0.41
10:22:10,0.4
10:22:11,0.36
10:22:12,0.38
10:22:13,0.38
10:22:14,0.37
10:22:15,0.35
10:22:16,0.29
10:22:17,0.22
10:22:18,0.19
10:22:19,0.2
10:22:20,0.2
10:22:21,0.17
10:22:22,0.16
10:22:23,0.13
10:22:24,0.08
10:22:25,0.07
10:22:26,0.03
10:22:27,0.09
10:22:28,0.13
10:22:29,0.24
10:22:30,0.31
10:22:31,0.36
10:22:32,0.37
10:22:33,0.32
10:22:34,0.23
10:22:35,0.14
10:22:36,0.1
10:22:37,0.14
10:22:38,0.16
10:22:39,0.28
10:22:40,0.38
10:22:41,0.35
10:22:42,0.32
10:22:43,0.36
10:22:44,0.34
10:22:45,0.38
10:22:46,0.36
10:22:47,0.26
10:22:48,0.25
10:22:49,0.25
10:22:50,0.24
10:22:51,0.3
10:22:52,0.38
10:22:53,0.41
10:22:54,0.38
10:22:55,0.3
10:22:56,0.34
10:22:57,0.25
10:22:58,0.22
10:22:59,0.23
10:23:00,0.15
10:23:01,0.21
10:23:02,0.24
10:23:03,0.3
10:23:04,0.34
10:23:05,0.25
10:23:06,0.26
10:23:07,0.27
10:23:08,0.28
10:23:09,0.25
10:23:10,0.28
10:23:11,0.23
10:23:12,0.27
10:23:13,0.31
10:23:14,0.26
10:23:15,0.27
10:23:16,0.24
10:23:17,0.27
10:23:18,0.29
10:23:19,0.38
10:23:20,0.4
10:23:21,0.44
10:23:22,0.42
10:23:23,0.44
10:23:24,0.42
10:23:25,0.45
10:23:26,0.41
10:23:27,0.41
10:23:28,0.39
10:23:29,0.3
10:23:30,0.29
10:23:31,0.27
10:23:32,0.28
10:23:33,0.25
10:23:34,0.11
10:23:35,0.03
10:23:36,-0.03
10:23:37,-0.06
10:23:38,-0.04
10:23:39,-0.07
10:23:40,-0.13
10:23:41,-0.13
10:23:42,-0.2
10:23:43,-0.17
10:23:44,-0.15
10:23:45,-0.18
10:23:46,-0.16
10:23:47,-0.07
10:23:48,-0.01
10:23:49,-0.06
10:23:50,-0.12
10:23:51,-0.08
10:23:52,-0.08
10:23:53,-0.08
10:23:54,-0.11
10:23:55,-0.18
10:23:56,-0.17
10:23:57,-0.12
10:23:58,-0.09
10:23:59,-0.08
10:24:00,-0.06
10:24:01,0.01
10:24:02,0.03
10:24:03,0.08
10:24:04,0.13
10:24:05,0.24
10:24:06,0.28
10:24:07,0.23
10:24:08,0.23
10:24:09,0.26
10:24:10,0.31
10:24:11,0.41
10:24:12,0.42
10:24:13,0.41
10:24:14,0.44
10:24:15,0.44
10:24:16,0.4
10:24:17,0.37
10:24:18,0.36
10:24:19,0.34
10:24:20,0.4
10:24:21,0.4
10:24:22,0.45
10:24:23,0.42
10:24:24,0.48
10:24:25,0.43
10:24:26,0.36
10:24:27,0.37
10:24:28,0.4
10:24:29,0.41
10:24:30,0.42
10:24:31,0.46
10:24:32,0.51
10:24:33,0.43
10:24:34,0.41
10:24:35,0.16
10:24:36,0.15
10:24:37,0.15
10:24:38,0.2
10:24:39,0.24
10:24:40,0.28
10:24:41,0.26
10:24:42,0.28
10:24:43,0.22
10:24:44,0.16
10:24:45,0.14
10:24:46,0.07
10:24:47,0.08
10:24:48,0.03
10:24:49,-0.02
10:24:50,-0.04
10:24:51,-0.08
10:24:52,-0.13
10:24:53,-0.21
10:24:54,-0.2
10:24:55,-0.19
10:24:56,-0.24
10:24:57,-0.19
10:24:58,-0.17
10:24:59,-0.13
10:25:00,-0.12
10:30:00,0.44
10:30:01,0.46
10:30:02,0.48
10:30:03,0.51
10:30:04,0.5
10:30:05,0.48
10:30:06,0.46
10:30:07,0.43
10:30:08,0.42
10:30:09,0.4
10:30:10,0.37
10:30:11,0.37
10:30:12,0.36
10:30:13,0.35
10:30:14,0.29
10:30:15,0.25
10:30:16,0.28
10:30:17,0.31
10:30:18,0.37
10:30:19,0.41
10:30:20,0.42
10:30:21,0.47
10:30:22,0.46
10:30:23,0.51
10:30:24,0.52
10:30:25,0.54
10:30:26,0.57
10:30:27,0.58
10:30:28,0.58
10:30:29,0.61
10:30:30,0.6
10:30:31,0.56
10:30:32,0.56
10:30:33,0.57
10:30:34,0.51
10:30:35,0.51
10:30:36,0.48
10:30:37,0.47
10:30:38,0.44
10:30:39,0.44
10:30:40,0.4
10:30:41,0.33
10:30:42,0.32
10:30:43,0.37
10:30:44,0.35
10:30:45,0.36
10:30:46,0.34
10:30:47,0.31
10:30:48,0.2
10:30:49,0.12
10:30:50,0.06
10:30:51,0.06
10:30:52,0.12
10:30:53,0.2
10:30:54,0.29
10:30:55,0.29
10:30:56,0.26
10:30:57,0.23
10:30:58,0.21
10:30:59,0.16
10:31:00,0.09
10:31:01,0.12
10:31:02,0.22
10:31:03,0.27
10:31:04,0.35
10:31:05,0.32
10:31:06,0.33
10:31:07,0.33
10:31:08,0.32
10:31:09,0.41
10:31:10,0.45
10:31:11,0.43
10:31:12,0.42
10:31:13,0.44
10:31:14,0.46
10:31:15,0.46
10:31:16,0.45
10:31:17,0.47
10:31:18,0.49
10:31:19,0.48
10:31:20,0.52
10:31:21,0.52
10:31:22,0.5
10:31:23,0.5
10:31:24,0.47
10:31:25,0.44
10:31:26,0.46
10:31:27,0.37
10:31:28,0.2
10:31:29,0.16
10:31:30,0.26
10:31:31,0.39
10:31:32,0.41
10:31:33,0.46
10:31:34,0.47
10:31:35,0.42
10:31:36,0.37
10:31:37,0.4
10:31:38,0.36
10:31:39,0.34
10:31:40,0.25
10:31:41,0.21
10:31:42,0.15
10:31:43,0.11
10:31:44,0.12
10:31:45,0.1
10:31:46,0.14
10:31:47,0.2
10:31:48,0.25
10:31:49,0.21
10:31:50,0.19
10:31:51,0.21
10:31:52,0.23
10:31:53,0.28
10:31:54,0.32
10:31:55,0.37
10:31:56,0.47
10:31:57,0.47
10:31:58,0.49
10:31:59,0.5
10:32:00,0.49
10:32:01,0.54
10:32:02,0.53
10:32:03,0.52
10:32:04,0.52
10:32:05,0.5
10:32:06,0.5
10:32:07,0.5
10:32:08,0.51
10:32:09,0.5
10:32:10,0.53
10:32:11,0.56
10:32:12,0.59
10:32:13,0.59
10:32:14,0.58
10:32:15,0.6
10:32:16,0.58
10:32:17,0.6
10:32:18,0.59
10:32:19,0.54
10:32:20,0.51
10:32:21,0.5
10:32:22,0.52
10:32:23,0.53
10:32:24,0.51
10:32:25,0.49
10:32:26,0.46
10:32:27,0.48
10:32:28,0.46
10:32:29,0.49
10:32:30,0.44
10:32:31,0.4
10:32:32,0.39
10:32:33,0.4
10:32:34,0.42
10:32:35,0.45
10:32:36,0.43
10:32:37,0.45
10:32:38,0.47
10:32:39,0.54
10:32:40,0.49
10:32:41,0.49
10:32:42,0.49
10:32:43,0.49
10:32:44,0.42
10:32:45,0.4
10:32:46,0.41
10:32:47,0.41
10:32:48,0.43
10:32:49,0.45
10:32:50,0.48
10:32:51,0.49
10:32:52,0.49
10:32:53,0.48
10:32:54,0.48
10:32:55,0.5
10:32:56,0.49
10:32:57,0.5
10:32:58,0.52
10:32:59,0.52
10:33:00,0.52
10:33:01,0.51
10:33:02,0.49
10:33:03,0.5
10:33:04,0.45
10:33:05,0.41
10:33:06,0.45
10:33:07,0.47
10:33:08,0.47
10:33:09,0.49
10:33:10,0.47
10:33:11,0.45
10:33:12,0.45
10:33:13,0.4
10:33:14,0.37
10:33:15,0.2
10:33:16,0.23
10:33:17,0.29
10:33:18,0.3
10:33:19,0.24
10:33:20,0.15
10:33:21,0.12
10:33:22,0.03
10:33:23,0.08
10:33:24,0.2
10:33:25,0.34
10:33:26,0.41
10:33:27,0.44
10:33:28,0.41
10:33:29,0.44
10:33:30,0.38
10:33:31,0.29
10:33:32,0.22
10:33:33,0.21
10:33:34,0.23
10:33:35,0.27
10:33:36,0.26
10:33:37,0.27
10:33:38,0.31
10:33:39,0.31
10:33:40,0.31
10:33:41,0.34
10:33:42,0.34
10:33:43,0.32
10:33:44,0.32
10:33:45,0.32
10:33:46,0.32
10:33:47,0.23
10:33:48,0.22
10:33:49,0.2
10:33:50,0.17
10:33:51,0.13
10:33:52,0.04
10:33:53,0.0
10:33:54,-0.01
10:33:55,0.06
10:33:56,0.13
10:33:57,0.34
10:33:58,0.24
10:33:59,0.39
10:34:00,0.48
10:34:01,0.54
10:34:02,0.6
10:34:03,0.63
10:34:04,0.65
10:34:05,0.69
10:34:06,0.68
10:34:07,0.67
10:34:08,0.67
10:34:09,0.66
10:34:10,0.6
10:34:11,0.54
10:34:12,0.57
10:34:13,0.54
10:34:14,0.43
10:34:15,0.38
10:34:16,0.44
10:34:17,0.47
10:34:18,0.42
10:34:19,0.37
10:34:20,0.35
10:34:21,0.34
10:34:22,0.4
10:34:23,0.32
10:34:24,0.24
10:34:25,0.21
10:34:26,0.18
10:34:27,0.16
10:34:28,0.24
10:34:29,0.36
10:34:30,0.37
10:34:31,0.3
10:34:32,0.34
10:34:33,0.44
10:34:34,0.56
10:34:35,0.6
10:34:36,0.54
10:34:37,0.5
10:34:38,0.51
10:34:39,0.54
10:34:40,0.52
10:34:41,0.43
10:34:42,0.36
10:34:43,0.4
10:34:44,0.46
10:34:45,0.53
10:34:46,0.57
10:34:47,0.52
10:34:48,0.51
10:34:49,0.45
10:34:50,0.39
10:34:51,0.33
10:34:52,0.31
10:34:53,0.31
10:34:54,0.28
10:34:55,0.21
10:34:56,0.16
10:34:57,0.14
10:34:58,0.09
10:34:59,0.15
10:35:00,0.13
10:35:01,0.15
10:35:02,0.18
10:35:03,0.13
10:35:04,0.1
10:35:05,0.09
10:35:06,0.13
10:35:07,0.23
10:35:08,0.26
10:35:09,0.3
10:35:10,0.28
10:35:11,0.25
10:35:12,0.29
10:35:13,0.22
10:35:14,0.12
10:35:15,0.0
10:35:16,0.05
10:35:17,0.0
10:35:18,-0.02
10:35:19,0.01
10:35:20,0.06
10:35:21,0.12
10:35:22,0.17
10:35:23,0.22
10:35:24,0.3
10:35:25,0.31
10:35:26,0.41
10:35:27,0.44
10:35:28,0.34
10:35:29,0.32
10:35:30,0.3
10:35:31,0.26
10:35:32,0.2
10:35:33,0.22
10:35:34,0.13
10:35:35,0.05
10:35:36,0.01
10:35:37,0.05
10:35:38,0.03
10:35:39,0.03
10:35:40,0.02
10:35:41,-0.02
10:35:42,-0.07
10:35:43,-0.09
10:35:44,-0.19
10:35:45,-0.16
10:35:46,-0.09
10:35:47,0.04
10:35:48,0.02
10:35:49,0.11
10:35:50,0.13
10:35:51,0.06
10:35:52,0.01
10:35:53,-0.05
10:35:54,-0.1
10:35:55,-0.09
10:35:56,-0.09
10:35:57,-0.13
10:35:58,-0.14
10:35:59,-0.14
10:36:00,-0.15
10:36:01,-0.2
10:36:02,-0.26
10:36:03,-0.22
10:36:04,-0.22
10:36:05,-0.23
10:36:06,-0.25
10:36:07,-0.23
10:36:08,-0.21
10:36:09,-0.19
10:36:10,-0.14
10:36:11,-0.11
10:36:12,-0.09
10:36:13,-0.04
10:36:14,0.0
10:36:15,0.07
10:36:16,0.14
10:36:17,0.24
10:36:18,0.19
10:36:19,0.2
10:36:20,0.22
10:36:21,0.19
10:36:22,0.16
10:36:23,0.15
10:36:24,0.21
10:36:25,0.24
10:36:26,0.31
10:36:27,0.4
10:36:28,0.41
10:36:29,0.4
10:36:30,0.42
10:36:31,0.42
10:36:32,0.43
10:36:33,0.49
10:36:34,0.46
10:36:35,0.51
10:36:36,0.53
10:36:37,0.52
10:36:38,0.55
10:36:39,0.58
10:36:40,0.6
10:36:41,0.6
10:36:42,0.6
10:36:43,0.65
10:36:44,0.63
10:36:45,0.63
10:36:46,0.63
10:36:47,0.61
10:36:48,0.63
10:36:49,0.59
10:36:50,0.58
10:36:51,0.57
10:36:52,0.57
10:36:53,0.51
10:36:54,0.48
10:36:55,0.47
10:36:56,0.43
10:36:57,0.46
10:36:58,0.49
10:36:59,0.49
10:37:00,0.5
10:37:01,0.51
10:37:02,0.54
10:37:03,0.55
10:37:04,0.5
10:37:05,0.48
10:37:06,0.45
10:37:07,0.43
10:37:08,0.39
10:37:09,0.3
10:37:10,0.23
10:37:11,0.16
10:37:12,0.12
10:37:13,0.07
10:37:14,0.01
10:37:15,-0.06
10:37:16,-0.05
10:37:17,-0.06
10:37:18,-0.05
10:37:19,0.03
10:37:20,0.1
10:37:21,0.15
10:37:22,0.23
10:37:23,0.21
10:37:24,0.24
10:37:25,0.23
10:37:26,0.26
10:37:27,0.31
10:37:28,0.43
10:37:29,0.44
10:37:30,0.45
10:37:31,0.46
10:37:32,0.48
10:37:33,0.47
10:37:34,0.48
10:37:35,0.49
10:37:36,0.45
10:37:37,0.44
10:37:38,0.49
10:37:39,0.56
10:37:40,0.49
10:37:41,0.49
10:37:42,0.52
10:37:43,0.55
10:37:44,0.53
10:37:45,0.53
10:37:46,0.49
10:37:47,0.45
10:37:48,0.35
10:37:49,0.23
10:37:50,0.19
10:37:51,0.21
10:37:52,0.15
10:37:53,0.11
10:37:54,0.07
10:37:55,0.09
10:37:56,0.17
10:37:57,0.17
10:37:58,0.15
10:37:59,0.11
10:38:00,0.06
10:38:01,0.05
10:38:02,0.08
10:38:03,0.08
10:38:04,0.1
10:38:05,0.13
10:38:06,0.15
10:38:07,0.21
10:38:08,0.26
10:38:09,0.2
10:38:10,0.13
10:38:11,0.16
10:38:12,0.26
10:38:13,0.39
10:38:14,0.47
10:38:15,0.48
10:38:16,0.51
10:38:17,0.52
10:38:18,0.54
10:38:19,0.52
10:38:20,0.51
10:38:21,0.52
10:38:22,0.49
10:38:23,0.49
10:38:24,0.5
10:38:25,0.47
10:38:26,0.42
10:38:27,0.43
10:38:28,0.46
10:38:29,0.43
10:38:30,0.37
10:38:31,0.35
10:38:32,0.4
10:38:33,0.47
10:38:34,0.5
10:38:35,0.48
10:38:36,0.51
10:38:37,0.45
10:38:38,0.46
10:38:39,0.49
10:38:40,0.49
10:38:41,0.54
10:38:42,0.5
10:38:43,0.54
10:38:44,0.54
10:38:45,0.57
10:38:46,0.56
10:38:47,0.58
10:38:48,0.61
10:38:49,0.59
10:38:50,0.61
10:38:51,0.64
10:38:52,0.58
10:38:53,0.62
10:38:54,0.61
10:38:55,0.63
10:38:56,0.58
10:38:57,0.6
10:38:58,0.58
10:38:59,0.55
10:39:00,0.56
10:39:01,0.56
10:39:02,0.58
10:39:03,0.56
10:39:04,0.56
10:39:05,0.55
10:39:06,0.56
10:39:07,0.57
10:39:08,0.51
10:39:09,0.52
10:39:10,0.5
10:39:11,0.47
10:39:12,0.48
10:39:13,0.47
10:39:14,0.45
10:39:15,0.44
10:39:16,0.44
10:39:17,0.4
10:39:18,0.42
10:39:19,0.43
10:39:20,0.47
10:39:21,0.47
10:39:22,0.47
10:39:23,0.48
10:39:24,0.51
10:39:25,0.48
10:39:26,0.45
10:39:27,0.44
10:39:28,0.41
10:39:29,0.42
10:39:30,0.42
10:39:31,0.43
10:39:32,0.41
10:39:33,0.41
10:39:34,0.41
10:39:35,0.45
10:39:36,0.42
10:39:37,0.44
10:39:38,0.43
10:39:39,0.44
10:39:40,0.43
10:39:41,0.44
10:39:42,0.4
10:39:43,0.36
10:39:44,0.31
10:39:45,0.31
10:39:46,0.27
10:39:47,0.26
10:39:48,0.24
10:39:49,0.24
10:39:50,0.27
10:39:51,0.32
10:39:52,0.38
10:39:53,0.39
10:39:54,0.38
10:39:55,0.42
10:39:56,0.44
10:39:57,0.44
10:39:58,0.45
10:39:59,0.45
10:40:00,0.47
10:40:01,0.44
10:40:02,0.44
10:40:03,0.44
10:40:04,0.39
10:40:05,0.38
10:40:06,0.34
10:40:07,0.33
10:40:08,0.34
10:40:09,0.35
10:40:10,0.43
10:40:11,0.44
10:40:12,0.45
10:40:13,0.44
10:40:14,0.42
10:40:15,0.43
10:40:16,0.44
10:40:17,0.43
10:40:18,0.45
10:40:19,0.46
10:40:20,0.41
10:40:21,0.35
10:40:22,0.37
10:40:23,0.35
10:40:24,0.37
10:40:25,0.37
10:40:26,0.41
10:40:27,0.43
10:40:28,0.42
10:40:29,0.39
10:40:30,0.42
10:40:31,0.39
10:40:32,0.39
10:40:33,0.39
10:40:34,0.34
10:40:35,0.34
10:40:36,0.34
10:40:37,0.37
10:40:38,0.4
10:40:39,0.39
10:40:40,0.25
10:40:41,0.11
10:40:42,0.06
10:40:43,0.07
10:40:44,0.11
10:40:45,0.17
10:40:46,0.21
10:40:47,0.26
10:40:48,0.39
10:40:49,0.43
10:40:50,0.42
10:40:51,0.42
10:40:52,0.41
10:40:53,0.43
10:40:54,0.45
10:40:55,0.37
10:40:56,0.34
10:40:57,0.29
10:40:58,0.22
10:40:59,0.25
10:41:00,0.32
10:41:01,0.34
10:41:02,0.4
10:41:03,0.42
10:41:04,0.46
10:41:05,0.5
10:41:06,0.55
10:41:07,0.54
10:41:08,0.6
10:41:09,0.57
10:41:10,0.52
10:41:11,0.4
10:41:12,0.22
10:41:13,0.21
10:41:14,0.14
10:41:15,0.11
10:41:16,0.16
10:41:17,0.19
10:41:18,0.3
10:41:19,0.43
10:41:20,0.49
10:41:21,0.54
10:41:22,0.48
10:41:23,0.48
10:41:24,0.41
10:41:25,0.42
10:41:26,0.49
10:41:27,0.49
10:41:28,0.47
10:41:29,0.5
10:41:30,0.41
10:41:31,0.25
10:41:32,0.27
10:41:33,0.3
10:41:34,0.29
10:41:35,0.39
10:41:36,0.43
10:41:37,0.44
10:41:38,0.46
10:41:39,0.41
10:41:40,0.3
10:41:41,0.2
10:41:42,0.12
10:41:43,0.01
10:41:44,0.0
10:41:45,0.02
10:41:46,0.04
10:41:47,0.07
10:41:48,0.03
10:41:49,0.08
10:41:50,0.18
10:41:51,0.3
10:41:52,0.34
10:41:53,0.37
10:41:54,0.47
10:41:55,0.52
10:41:56,0.54
10:41:57,0.56
10:41:58,0.56
10:41:59,0.55
10:42:00,0.53
10:42:01,0.39
10:42:02,0.29
10:42:03,0.22
10:42:04,0.21
10:42:05,0.24
10:42:06,0.31
10:42:07,0.29
10:42:08,0.31
10:42:09,0.25
10:42:10,0.23
10:42:11,0.26
10:42:12,0.47
10:42:13,0.46
10:42:14,0.43
10:42:15,0.44
10:42:16,0.43
10:42:17,0.42
10:42:18,0.43
10:42:19,0.52
10:42:20,0.53
10:42:21,0.52
10:42:22,0.55
10:42:23,0.48
10:42:24,0.34
10:42:25,0.32
10:42:26,0.31
10:42:27,0.4
10:42:28,0.44
10:42:29,0.43
10:42:30,0.47
10:42:31,0.49
10:42:32,0.52
10:42:33,0.54
10:42:34,0.54
10:42:35,0.53
10:42:36,0.51
10:42:37,0.47
10:42:38,0.51
10:42:39,0.53
10:42:40,0.58
10:42:41,0.59
10:42:42,0.61
10:42:43,0.58
10:42:44,0.55
10:42:45,0.57
10:42:46,0.54
10:42:47,0.52
10:42:48,0.57
10:42:49,0.58
10:42:50,0.59
10:42:51,0.64
10:42:52,0.63
10:42:53,0.62
10:42:54,0.64
10:42:55,0.63
10:42:56,0.62
10:42:57,0.63
10:42:58,0.67
10:42:59,0.67
10:43:00,0.64
10:43:01,0.64
10:43:02,0.64
10:43:03,0.62
10:43:04,0.63
10:43:05,0.63
10:43:06,0.64
10:43:07,0.66
10:43:08,0.65
10:43:09,0.61
10:43:10,0.62
10:43:11,0.57
10:43:12,0.58
10:43:13,0.57
10:43:14,0.56
10:43:15,0.56
10:43:16,0.56
10:43:17,0.55
10:43:18,0.57
10:43:19,0.56
10:43:20,0.56
10:43:21,0.57
10:43:22,0.52
10:43:23,0.49
10:43:24,0.36
10:43:25,0.26
10:43:26,0.24
10:43:27,0.26
10:43:28,0.29
10:43:29,0.24
10:43:30,0.23
10:43:31,0.28
10:43:32,0.31
10:43:33,0.38
10:43:34,0.5
10:43:35,0.56
10:43:36,0.57
10:43:37,0.58
10:43:38,0.58
10:43:39,0.58
10:43:40,0.6
10:43:41,0.62
10:43:42,0.61
10:43:43,0.6
10:43:44,0.6
10:43:45,0.54
10:43:46,0.53
10:43:47,0.47
10:43:48,0.37
10:43:49,0.29
10:43:50,0.31
10:43:51,0.22
10:43:52,0.14
10:43:53,0.04
10:43:54,0.05
10:43:55,0.1
10:43:56,0.18
10:43:57,0.23
10:43:58,0.33
10:43:59,0.4
10:44:00,0.45
10:44:01,0.43
10:44:02,0.32
10:44:03,0.24
10:44:04,0.23
10:44:05,0.2
10:44:06,0.24
10:44:07,0.35
10:44:08,0.44
10:44:09,0.53
10:44:10,0.54
10:44:11,0.56
10:44:12,0.56
10:44:13,0.55
10:44:14,0.55
10:44:15,0.5
10:44:16,0.49
10:44:17,0.49
10:44:18,0.48
10:44:19,0.44
10:44:20,0.46
10:44:21,0.5
10:44:22,0.5
10:44:23,0.54
10:44:24,0.56
10:44:25,0.55
10:44:26,0.58
10:44:27,0.56
10:44:28,0.58
10:44:29,0.56
10:44:30,0.56
10:44:31,0.56
10:44:32,0.61
10:44:33,0.61
10:44:34,0.63
10:44:35,0.59
10:44:36,0.6
10:44:37,0.6
10:44:38,0.64
10:44:39,0.65
10:44:40,0.59
10:44:41,0.58
10:44:42,0.57
10:44:43,0.54
10:44:44,0.58
10:44:45,0.61
10:44:46,0.62
10:44:47,0.58
10:44:48,0.51
10:44:49,0.52
10:44:50,0.54
10:44:51,0.57
10:44:52,0.56
10:44:53,0.59
10:44:54,0.55
10:44:55,0.57
10:44:56,0.58
10:44:57,0.58
10:44:58,0.59
10:44:59,0.72
10:45:00,0.63
11:00:02,0.11
11:00:03,-0.12
11:00:04,-0.44
11:00:05,-1.07
11:00:06,-1.29
11:00:07,-1.52
11:00:08,-1.34
11:00:09,-1.24
11:00:10,-0.93
11:00:11,-0.54
11:00:12,-0.2
11:00:13,0.09
11:00:14,0.26
11:00:15,0.39
11:00:16,0.67
11:00:17,0.92
11:00:18,1.31
11:00:19,1.31
11:00:20,1.21
11:00:21,1.25
11:00:22,1.19
11:00:23,1.17
11:00:24,1.17
11:00:25,1.21
11:00:26,1.02
11:00:27,1.04
11:00:28,1.09
11:00:29,0.98
11:00:30,1.09
11:00:31,0.9
11:00:32,0.44
11:00:33,-0.17
11:00:34,-0.67
11:00:35,-1.02
11:00:36,-1.35
11:00:37,-1.89
11:00:38,-2.51
11:00:39,-3.01
11:00:40,-3.41
11:00:41,-3.74
11:00:42,-4.15
11:00:43,-4.44
11:00:44,-4.71
11:00:45,-4.99
11:00:46,-5.21
11:00:47,-5.48
11:00:48,-5.66
11:00:49,-5.91
11:00:50,-6.15
11:00:51,-6.08
11:00:52,-5.96
11:00:53,-5.9
11:00:54,-5.96
11:00:55,-6.03
11:00:56,-6.05
11:00:57,-5.99
11:00:58,-6.01
11:00:59,-6.03
11:01:00,-6.1
11:01:01,-6.11
11:01:02,-6.18
11:01:03,-6.31
11:01:04,-6.32
11:01:05,-6.32
11:01:06,-6.23
11:01:07,-6.04
11:01:08,-5.73
11:01:09,-5.26
11:01:10,-4.93
11:01:11,-4.82
11:01:12,-4.8
11:01:13,-5.06
11:01:14,-5.47
11:01:15,-6.16
11:01:16,-6.65
11:01:17,-7.0
11:01:18,-7.15
11:01:19,-7.27
11:01:20,-7.71
11:01:21,-7.87
11:01:22,-8.29
11:01:23,-8.43
11:01:24,-8.33
11:01:25,-8.22
11:01:26,-8.26
11:01:27,-8.73
11:01:28,-9.26
11:01:29,-9.41
11:01:30,-9.28
11:01:31,-9.03
11:01:32,-8.4
11:01:33,-8.07
11:01:34,-8.32
11:01:35,-8.51
11:01:36,-8.46
11:01:37,-8.65
11:01:38,-8.69
11:01:39,-8.55
11:01:40,-8.46
11:01:41,-8.34
11:01:42,-8.1
11:01:43,-7.96
11:01:44,-8.03
11:01:45,-7.98
11:01:46,-7.83
11:01:47,-7.59
11:01:48,-7.43
11:01:49,-7.32
11:01:50,-7.04
11:01:51,-6.81
11:01:52,-6.48
11:01:53,-6.36
11:01:54,-6.34
11:01:55,-6.24
11:01:56,-6.38
11:01:57,-6.7
11:01:58,-6.94
11:01:59,-7.1
11:02:00,-7.19
11:02:01,-7.3
11:02:02,-7.3
11:02:03,-7.18
11:02:04,-7.18
11:02:05,-7.39
11:02:06,-7.48
11:02:07,-7.5
11:02:08,-7.51
11:02:09,-7.44
11:02:10,-7.11
11:02:11,-6.92
11:02:12,-6.73
11:02:13,-6.43
11:02:14,-6.22
11:02:15,-5.91
11:02:16,-5.54
11:02:17,-5.0
11:02:18,-4.42
11:02:19,-3.82
11:02:20,-3.29
11:02:21,-2.82
11:02:22,-2.85
11:02:23,-2.92
11:02:24,-2.98
11:02:25,-3.07
11:02:26,-3.02
11:02:27,-3.02
11:02:28,-3.08
11:02:29,-3.19
11:02:30,-3.43
11:02:31,-3.82
11:02:32,-3.92
11:02:33,-3.86
11:02:34,-3.6
11:02:35,-3.5
11:02:36,-3.23
11:02:37,-2.89
11:02:38,-2.54
11:02:39,-2.21
11:02:40,-2.23
11:02:41,-2.16
11:02:42,-2.16
11:02:43,-2.01
11:02:44,-1.68
11:02:45,-1.42
11:02:46,-1.22
11:02:47,-1.08
11:02:48,-1.06
11:02:49,-0.77
11:02:50,-1.34
11:02:51,-2.3
11:02:52,-3.25
11:02:53,-3.84
11:02:54,-4.18
11:02:55,-4.44
11:02:56,-4.89
11:02:57,-5.5
11:02:58,-6.31
11:02:59,-6.87
11:03:00,-7.23
11:03:01,-7.44
11:03:02,-7.14
11:03:03,-7.05
11:03:04,-6.81
11:03:05,-6.68
11:03:06,-6.49
11:03:07,-6.36
11:03:08,-6.2
11:03:09,-6.04
11:03:10,-5.57
11:03:11,-5.32
11:03:12,-4.8
11:03:13,-4.31
11:03:14,-3.91
11:03:15,-3.4
11:03:16,-2.76
11:03:17,-2.19
11:03:18,-1.51
11:03:19,-1.06
11:03:20,-0.49
11:03:21,-0.03
11:03:22,0.23
11:03:23,0.08
11:03:24,-0.26
11:03:25,-0.65
11:03:26,-0.99
11:03:27,-1.63
11:03:28,-2.13
11:03:29,-2.4
11:03:30,-2.44
11:03:31,-2.74
11:03:32,-3.53
11:03:33,-4.2
11:03:34,-4.75
11:03:35,-5.13
11:03:36,-5.43
11:03:37,-5.56
11:03:38,-5.7
11:03:39,-5.87
11:03:40,-5.67
11:03:41,-5.27
11:03:42,-5.11
11:03:43,-5.03
11:03:44,-4.84
11:03:45,-4.46
11:03:46,-4.11
11:03:47,-3.94
11:03:48,-3.97
11:03:49,-4.02
11:03:50,-4.06
11:03:51,-3.98
11:03:52,-3.83
11:03:53,-3.55
11:03:54,-3.5
11:03:55,-3.32
11:03:56,-3.04
11:03:57,-2.41
11:03:58,-2.13
11:03:59,-2.0
11:04:00,-2.15
11:04:01,-2.59
11:04:02,-2.98
11:04:03,-2.82
11:04:04,-3.33
11:04:05,-3.77
11:04:06,-3.39
11:04:07,-3.33
11:04:08,-3.47
11:04:09,-4.37
11:04:10,-5.07
11:04:11,-5.36
11:04:12,-5.65
11:04:13,-5.8
11:04:14,-5.55
11:04:15,-5.53
11:04:16,-5.46
11:04:17,-5.52
11:04:18,-5.18
11:04:19,-4.9
11:04:20,-4.67
11:04:21,-4.67
11:04:22,-4.91
11:04:23,-5.12
11:04:24,-5.48
11:04:25,-5.72
11:04:26,-6.07
11:04:27,-6.31
11:04:28,-6.44
11:04:29,-6.41
11:04:30,-6.21
11:04:31,-6.01
11:04:32,-5.73
11:04:33,-5.55
11:04:34,-5.47
11:04:35,-5.39
11:04:36,-5.38
11:04:37,-5.22
11:04:38,-5.04
11:04:39,-4.9
11:04:40,-4.61
11:04:41,-4.34
11:04:42,-3.99
11:04:43,-3.57
11:04:44,-3.16
11:04:45,-2.77
11:04:46,-3.24
11:04:47,-3.8
11:04:48,-3.8
11:04:49,-4.01
11:04:50,-3.88
11:04:51,-3.79
11:04:52,-4.0
11:04:53,-4.23
11:04:54,-4.38
11:04:55,-4.29
11:04:56,-3.87
11:04:57,-3.73
11:04:58,-3.47
11:04:59,-3.15
11:05:00,-3.17
11:05:01,-3.44
11:05:02,-3.39
11:05:03,-3.18
11:05:04,-3.51
11:05:05,-3.37
11:05:06,-3.14
11:05:07,-2.84
11:05:08,-2.31
11:05:09,-1.7
11:05:10,-1.61
11:05:11,-1.74
11:05:12,-1.74
11:05:13,-1.9
11:05:14,-2.54
11:05:15,-2.99
11:05:16,-3.63
11:05:17,-4.19
11:05:18,-4.72
11:05:19,-4.7
11:05:20,-4.85
11:05:21,-5.14
11:05:22,-5.32
11:05:23,-5.34
11:05:24,-5.49
11:05:25,-5.64
11:05:26,-5.52
11:05:27,-5.86
11:05:28,-6.05
11:05:29,-6.07
11:05:30,-6.17
11:05:31,-5.92
11:05:32,-5.57
11:05:33,-5.2
11:05:34,-5.02
11:05:35,-4.98
11:05:36,-5.08
11:05:37,-5.54
11:05:38,-5.88
11:05:39,-5.94
11:05:40,-5.95
11:05:41,-6.27
11:05:42,-6.35
11:05:43,-6.21
11:05:44,-5.92
11:05:45,-5.86
11:05:46,-5.75
11:05:47,-5.74
11:05:48,-5.74
11:05:49,-5.68
11:05:50,-5.69
11:05:51,-5.84
11:05:52,-5.98
11:05:53,-5.83
11:05:54,-5.75
11:05:55,-5.63
11:05:56,-5.48
11:05:57,-5.35
11:05:58,-5.41
11:05:59,-5.38
11:06:00,-5.48
11:06:01,-5.52
11:06:02,-5.44
11:06:03,-5.54
11:06:04,-5.58
11:06:05,-5.5
11:06:06,-5.51
11:06:07,-5.49
11:06:08,-5.4
11:06:09,-5.19
11:06:10,-4.97
11:06:11,-4.72
11:06:12,-4.6
11:06:13,-4.61
11:06:14,-4.68
11:06:15,-4.69
11:06:16,-4.61
11:06:17,-4.46
11:06:18,-4.34
11:06:19,-4.12
11:06:20,-4.1
11:06:21,-4.0
11:06:22,-3.94
11:06:23,-3.86
11:06:24,-3.75
11:06:25,-3.71
11:06:26,-3.76
11:06:27,-3.62
11:06:28,-3.33
11:06:29,-2.91
11:06:30,-2.48
11:06:31,-1.97
11:06:32,-1.64
11:06:33,-1.38
11:06:34,-1.24
11:06:35,-1.17
11:06:36,-0.94
11:06:37,-0.88
11:06:38,-0.79
11:06:39,-0.81
11:06:40,-0.98
11:06:41,-1.06
11:06:42,-1.05
11:06:43,-1.25
11:06:44,-1.35
11:06:45,-1.51
11:06:46,-1.58
11:06:47,-1.37
11:06:48,-1.36
11:06:49,-1.25
11:06:50,-0.78
11:06:51,-0.26
11:06:52,0.21
11:06:53,0.48
11:06:54,0.31
11:06:55,0.26
11:06:56,0.27
11:06:57,0.35
11:06:58,0.37
11:06:59,0.51
11:07:00,0.58
11:07:01,0.64
11:07:02,0.71
11:07:03,0.61
11:07:04,0.11
11:07:05,-0.78
11:07:06,-2.05
11:07:07,-2.78
11:07:08,-3.39
11:07:09,-4.35
11:07:10,-5.05
11:07:11,-5.64
11:07:12,-6.0
11:07:13,-6.42
11:07:14,-6.78
11:07:15,-7.02
11:07:16,-7.15
11:07:17,-7.14
11:07:18,-7.07
11:07:19,-6.87
11:07:20,-6.97
11:07:21,-7.09
11:07:22,-7.45
11:07:23,-7.74
11:07:24,-8.03
11:07:25,-8.25
11:07:26,-8.18
11:07:27,-8.47
11:07:28,-8.87
11:07:29,-9.28
11:07:30,-9.39
11:07:31,-9.32
11:07:32,-9.08
11:07:33,-8.65
11:07:34,-8.09
11:07:35,-7.49
11:07:36,-7.03
11:07:37,-6.87
11:07:38,-6.82
11:07:39,-6.81
11:07:40,-6.77
11:07:41,-6.72
11:07:42,-6.63
11:07:43,-6.75
11:07:44,-7.02
11:07:45,-7.3
11:07:46,-7.61
11:07:47,-7.87
11:07:48,-8.15
11:07:49,-8.42
11:07:50,-8.58
11:07:51,-8.7
11:07:52,-8.72
11:07:53,-8.79
11:07:54,-8.94
11:07:55,-9.03
11:07:56,-8.83
11:07:57,-8.69
11:07:58,-8.65
11:07:59,-8.72
11:08:00,-8.93
11:08:01,-8.95
11:08:02,-8.95
11:08:03,-8.9
11:08:04,-9.13
11:08:05,-9.3
11:08:06,-9.41
11:08:07,-9.55
11:08:08,-9.6
11:08:09,-9.72
11:08:10,-9.93
11:08:11,-9.98
11:08:12,-9.92
11:08:13,-9.86
11:08:14,-9.88
11:08:15,-9.95
11:08:16,-10.21
11:08:17,-10.56
11:08:18,-10.73
11:08:19,-10.73
11:08:20,-10.64
11:08:21,-10.62
11:08:22,-10.62
11:08:23,-10.56
11:08:24,-10.54
11:08:25,-10.52
11:08:26,-10.46
11:08:27,-10.3
11:08:28,-10.07
11:08:29,-9.76
11:08:30,-9.12
11:08:31,-8.66
11:08:32,-8.23
11:08:33,-7.8
11:08:34,-7.15
11:08:35,-6.67
11:08:36,-6.47
11:08:37,-6.08
11:08:38,-5.82
11:08:39,-5.87
11:08:40,-5.66
11:08:41,-5.44
11:08:42,-5.54
11:08:43,-5.43
11:08:44,-5.17
11:08:45,-5.6
11:08:46,-5.9
11:08:47,-5.54
11:08:48,-5.77
11:08:49,-5.3
11:08:50,-4.85
11:08:51,-4.44
11:08:52,-4.64
11:08:53,-4.66
11:08:54,-4.53
11:08:55,-4.12
11:08:56,-3.82
11:08:57,-3.85
11:08:58,-4.28
11:08:59,-4.62
11:09:00,-5.17
11:09:01,-5.55
11:09:02,-5.44
11:09:03,-6.03
11:09:04,-6.25
11:09:05,-6.24
11:09:06,-6.29
11:09:07,-6.29
11:09:08,-6.37
11:09:09,-6.78
11:09:10,-6.9
11:09:11,-6.98
11:09:12,-6.91
11:09:13,-6.85
11:09:14,-6.8
11:09:15,-6.69
11:09:16,-6.59
11:09:17,-6.13
11:09:18,-6.47
11:09:19,-6.36
11:09:20,-6.27
11:09:21,-6.16
11:09:22,-6.14
11:09:23,-6.12
11:09:24,-6.11
11:09:25,-6.21
11:09:26,-6.03
11:09:27,-5.82
11:09:28,-5.6
11:09:29,-5.63
11:09:30,-5.78
11:09:31,-5.85
11:09:32,-5.9
11:09:33,-5.94
11:09:34,-5.7
11:09:35,-5.54
11:09:36,-5.17
11:09:37,-4.79
11:09:38,-4.43
11:09:39,-3.77
11:09:40,-3.12
11:09:41,-2.22
11:09:42,-1.7
11:09:43,-1.12
11:09:44,-0.69
11:09:45,-0.42
11:09:46,-0.22
11:09:47,-0.01
11:09:48,0.19
11:09:49,0.03
11:09:50,-0.45
11:09:51,-1.02
11:09:52,-1.37
11:09:53,-1.63
11:09:54,-1.96
11:09:55,-2.54
11:09:56,-3.26
11:09:57,-3.78
11:09:58,-3.6
11:09:59,-3.67
11:10:00,-3.57
11:10:01,-3.3
11:10:02,-2.98
11:10:03,-2.39
11:10:04,-1.86
11:10:05,-1.88
11:10:06,-2.46
11:10:07,-3.01
11:10:08,-3.86
11:10:09,-4.44
11:10:10,-4.38
11:10:11,-4.45
11:10:12,-4.3
11:10:13,-4.3
11:10:14,-4.21
11:10:15,-4.45
11:10:16,-5.19
11:10:17,-5.11
11:10:18,-5.31
11:10:19,-5.22
11:10:20,-5.21
11:10:21,-4.77
11:10:22,-4.08
11:10:23,-3.75
11:10:24,-3.48
11:10:25,-3.04
11:10:26,-2.69
11:10:27,-2.48
11:10:28,-1.44
11:10:29,-2.41
11:10:30,-2.74
11:10:31,-3.26
11:10:32,-3.39
11:10:33,-3.12
11:10:34,-3.15
11:10:35,-3.64
11:10:36,-4.29
11:10:37,-4.54
11:10:38,-4.64
11:10:39,-4.73
11:10:40,-5.61
11:10:41,-6.16
11:10:42,-6.49
11:10:43,-6.78
11:10:44,-6.86
11:10:45,-6.95
11:10:46,-6.88
11:10:47,-6.58
11:10:48,-6.44
11:10:49,-6.15
11:10:50,-5.95
11:10:51,-5.67
11:10:52,-5.42
11:10:53,-4.98
11:10:54,-4.37
11:10:55,-3.95
11:10:56,-3.89
11:10:57,-3.77
11:10:58,-3.77
11:10:59,-3.87
11:11:00,-3.76
11:11:01,-3.46
11:11:02,-3.39
11:11:03,-3.24
11:11:04,-2.84
11:11:05,-2.85
11:11:06,-3.54
11:11:07,-4.83
11:11:08,-5.64
11:11:09,-6.57
11:11:10,-7.12
11:11:11,-6.84
11:11:12,-6.14
11:11:13,-5.72
11:11:14,-6.27
11:11:15,-6.81
11:11:16,-6.33
11:11:17,-6.01
11:11:18,-6.19
11:11:19,-5.23
11:11:20,-3.22
11:11:21,-2.98
11:11:22,-2.94
11:11:23,-2.9
11:11:24,-2.76
11:11:25,-2.57
11:11:26,-2.55
11:11:27,-2.71
11:11:28,-2.55
11:11:29,-2.33
11:11:30,-2.08
11:11:31,-1.81
11:11:32,-2.06
11:11:33,-2.18
11:11:34,-2.22
11:11:35,-2.02
11:11:36,-1.9
11:11:37,-1.89
11:11:38,-1.79
11:11:39,-1.72
11:11:40,-1.59
11:11:41,-1.37
11:11:42,-1.51
11:11:43,-1.54
11:11:44,-1.54
11:11:45,-1.53
11:11:46,-1.6
11:11:47,-1.58
11:11:48,-1.74
11:11:49,-1.75
11:11:50,-1.74
11:11:51,-1.72
11:11:52,-1.83
11:11:53,-2.0
11:11:54,-2.2
11:11:55,-2.31
11:11:56,-2.28
11:11:57,-2.29
11:11:58,-2.42
11:11:59,-2.49
11:12:00,-2.58
11:12:01,-2.72
11:12:02,-2.82
11:12:03,-2.87
11:12:04,-2.77
11:12:05,-2.63
11:12:06,-2.52
11:12:07,-2.49
11:12:08,-2.41
11:12:09,-2.18
11:12:10,-1.91
11:12:11,-1.73
11:12:12,-1.63
11:12:13,-1.63
11:12:14,-1.86
11:12:15,-2.06
11:12:16,-2.3
11:12:17,-2.41
11:12:18,-2.4
11:12:19,-2.46
11:12:20,-2.54
11:12:21,-2.55
11:12:22,-2.49
11:12:23,-2.48
11:12:24,-2.59
11:12:25,-2.79
11:12:26,-2.91
11:12:27,-2.94
11:12:28,-2.93
11:12:29,-2.77
11:12:30,-2.63
11:12:31,-2.53
11:12:32,-2.52
11:12:33,-2.48
11:12:34,-2.36
11:12:35,-2.29
11:12:36,-2.32
11:12:37,-2.4
11:12:38,-2.46
11:12:39,-2.53
11:12:40,-2.41
11:12:41,-2.17
11:12:42,-1.92
11:12:43,-1.72
11:12:44,-1.59
11:12:45,-1.57
11:12:46,-1.7
11:12:47,-1.67
11:12:48,-1.85
11:12:49,-2.01
11:12:50,-2.06
11:12:51,-1.83
11:12:52,-1.81
11:12:53,-1.7
11:12:54,-1.55
11:12:55,-1.32
11:12:56,-1.07
11:12:57,-0.81
11:12:58,-0.72
11:12:59,-0.93
11:13:00,-1.1
11:13:01,-1.05
11:13:02,-1.24
11:13:03,-1.13
11:13:04,-1.03
11:13:05,-1.25
11:13:06,-1.95
11:13:07,-2.13
11:13:08,-1.95
11:13:09,-2.02
11:13:10,-2.17
11:13:11,-1.84
11:13:12,-1.62
11:13:13,-1.44
11:13:14,-1.17
11:13:15,-0.91
11:13:16,-0.77
11:13:17,-0.71
11:13:18,-0.62
11:13:19,-0.54
11:13:20,-0.46
11:13:21,-0.36
11:13:22,-0.27
11:13:23,-0.2
11:13:24,-0.43
11:13:25,-0.33
11:13:26,-0.16
11:13:27,-0.17
11:13:28,-0.09
11:13:29,-0.07
11:13:30,-0.14
11:13:31,-0.45
11:13:32,-0.81
11:13:33,-1.05
11:13:34,-1.16
11:13:35,-1.24
11:13:36,-1.29
11:13:37,-1.37
11:13:38,-1.33
11:13:39,-1.24
11:13:40,-1.15
11:13:41,-1.0
11:13:42,-0.94
11:13:43,-0.92
11:13:44,-1.05
11:13:45,-1.33
11:13:46,-1.36
11:13:47,-1.47
11:13:48,-1.51
11:13:49,-1.4
11:13:50,-1.3
11:13:51,-1.26
11:13:52,-1.12
11:13:53,-0.95
11:13:54,-0.83
11:13:55,-0.81
11:13:56,-0.76
11:13:57,-0.71
11:13:58,-0.65
11:13:59,-0.62
11:14:00,-0.59
11:14:01,-0.52
11:14:02,-0.54
11:14:03,-0.53
11:14:04,-0.6
11:14:05,-0.66
11:14:06,-0.71
11:14:07,-0.75
11:14:08,-0.71
11:14:09,-0.72
11:14:10,-0.68
11:14:11,-0.68
11:14:12,-0.6
11:14:13,-0.45
11:14:14,-0.49
11:14:15,-0.5
11:14:16,-0.42
11:14:17,-0.29
11:14:18,-0.33
11:14:19,-0.47
11:14:20,-0.43
11:14:21,-0.28
11:14:22,-0.24
11:14:23,-0.15
11:14:24,-0.01
11:14:25,0.04
11:14:26,-0.02
11:14:27,-0.09
11:14:28,-0.16
11:14:29,-0.21
11:14:30,-0.26
11:14:31,-0.26
11:14:32,-0.25
11:14:33,-0.26
11:14:34,-0.34
11:14:35,-0.38
11:14:36,-0.49
11:14:37,-0.58
11:14:38,-0.63
11:14:39,-0.68
11:14:40,-0.7
11:14:41,-0.72
11:14:42,-0.72
11:14:43,-0.79
11:14:44,-0.79
11:14:45,-0.81
11:14:46,-0.93
11:14:47,-1.09
11:14:48,-1.23
11:14:49,-1.22
11:14:50,-1.15
11:14:51,-1.05
11:14:52,-0.93
11:14:53,-0.81
11:14:54,-0.65
11:14:55,-0.56
11:14:56,-0.5
11:14:57,-0.58
11:14:58,-0.84
11:14:59,-0.9
11:15:00,-1.04
11:00:01,0.63
11:15:00,-1.04
11:15:01,-1.12
11:15:02,-1.18
11:15:03,-1.21
11:15:04,-1.17
11:15:05,-1.07
11:15:06,-0.97
11:15:07,-0.83
11:15:08,-0.64
11:15:09,-0.47
11:15:10,-0.39
11:15:11,-0.43
11:15:12,-0.5
11:15:13,-0.58
11:15:14,-0.62
11:15:15,-0.65
11:15:16,-0.66
11:15:17,-0.67
11:15:18,-0.71
11:15:19,-0.68
11:15:20,-0.65
11:15:21,-0.68
11:15:22,-0.7
11:15:23,-0.67
11:15:24,-0.66
11:15:25,-0.7
11:15:26,-0.7
11:15:27,-0.69
11:15:28,-0.68
11:15:29,-0.61
11:15:30,-0.62
11:15:31,-0.64
11:15:32,-0.7
11:15:33,-0.77
11:15:34,-0.81
11:15:35,-0.8
11:15:36,-0.78
11:15:37,-0.73
11:15:38,-0.7
11:15:39,-0.68
11:15:40,-0.66
11:15:41,-0.6
11:15:42,-0.54
11:15:43,-0.45
11:15:44,-0.42
11:15:45,-0.34
11:15:46,-0.27
11:15:47,-0.29
11:15:48,-0.33
11:15:49,-0.46
11:15:50,-0.51
11:15:51,-0.53
11:15:52,-0.6
11:15:53,-0.63
11:15:54,-0.71
11:15:55,-0.78
11:15:56,-0.88
11:15:57,-1.01
11:15:58,-1.14
11:15:59,-1.14
11:16:00,-1.18
11:16:01,-1.22
11:16:02,-1.22
11:16:03,-1.2
11:16:04,-1.15
11:16:05,-1.09
11:16:06,-1.11
11:16:07,-1.1
11:16:08,-1.15
11:16:09,-1.19
11:16:10,-1.2
11:16:11,-1.25
11:16:12,-1.25
11:16:13,-1.27
11:16:14,-1.29
11:16:15,-1.29
11:16:16,-1.21
11:16:17,-1.11
11:16:18,-1.13
11:16:19,-1.15
11:16:20,-1.14
11:16:21,-1.16
11:16:22,-1.16
11:16:23,-1.04
11:16:24,-0.97
11:16:25,-0.94
11:16:26,-0.98
11:16:27,-1.07
11:16:28,-1.13
11:16:29,-1.15
11:16:30,-1.16
11:16:31,-1.17
11:16:32,-1.73
11:16:33,-1.82
11:16:34,-1.78
11:16:35,-1.7
11:16:36,-1.58
11:16:37,-1.51
11:16:38,-1.38
11:16:39,-1.19
11:16:40,-1.01
11:16:41,-0.95
11:16:42,-0.99
11:16:43,-0.96
11:16:44,-0.99
11:16:45,-0.89
11:16:46,-0.77
11:16:47,-0.73
11:16:48,-0.68
11:16:49,-0.57
11:16:50,-0.53
11:16:51,-0.62
11:16:52,-0.59
11:16:53,-0.41
11:16:54,-0.18
11:16:55,-0.04
11:16:56,0.14
11:16:57,0.17
11:16:58,0.13
11:16:59,0.12
11:17:00,0.02
11:17:01,0.03
11:17:02,0.04
11:17:03,0.02
11:17:04,0.04
11:17:05,-0.02
11:17:06,-0.04
11:17:07,0.0
11:17:08,-0.09
11:17:09,-0.19
11:17:10,-0.29
11:17:11,-0.36
11:17:12,-0.41
11:17:13,-0.48
11:17:14,-0.54
11:17:15,-0.56
11:17:16,-0.54
11:17:17,-0.55
11:17:18,-0.52
11:17:19,-0.5
11:17:20,-0.5
11:17:21,-0.41
11:17:22,-0.37
11:17:23,-0.28
11:17:24,-0.13
11:17:25,-0.01
11:17:26,-0.08
11:17:27,-0.04
11:17:28,0.04
11:17:29,0.12
11:17:30,0.15
11:17:31,0.24
11:17:32,0.22
11:17:33,0.22
11:17:34,0.06
11:17:35,-0.16
11:17:36,-0.3
11:17:37,-0.26
11:17:38,-0.44
11:17:39,-0.46
11:17:40,-0.37
11:17:41,-0.42
11:17:42,-0.51
11:17:43,-0.5
11:17:44,-0.42
11:17:45,-0.41
11:17:46,-0.39
11:17:47,-0.36
11:17:48,-0.41
11:17:49,-0.51
11:17:50,-0.58
11:17:51,-0.63
11:17:52,-0.69
11:17:53,-0.76
11:17:54,-0.82
11:17:55,-0.89
11:17:56,-0.93
11:17:57,-1.03
11:17:58,-1.1
11:17:59,-1.16
11:18:00,-1.22
11:18:01,-1.2
11:18:02,-1.17
11:18:03,-1.11
11:18:04,-1.07
11:18:05,-1.03
11:18:06,-0.98
11:18:07,-0.95
11:18:08,-0.93
11:18:09,-0.9
11:18:10,-0.9
11:18:11,-0.94
11:18:12,-0.97
11:18:13,-1.03
11:18:14,-1.13
11:18:15,-1.24
11:18:16,-1.31
11:18:17,-1.36
11:18:18,-1.43
11:18:19,-1.5
11:18:20,-1.49
11:18:21,-1.55
11:18:22,-1.63
11:18:23,-1.61
11:18:24,-1.55
11:18:25,-1.44
11:18:26,-1.43
11:18:27,-1.4
11:18:28,-1.39
11:18:29,-1.32
11:18:30,-1.21
11:18:31,-1.09
11:18:32,-1.0
11:18:33,-1.02
11:18:34,-1.06
11:18:35,-1.11
11:18:36,-1.05
11:18:37,-0.91
11:18:38,-0.78
11:18:39,-0.78
11:18:40,-0.83
11:18:41,-1.19
11:18:42,-1.67
11:18:43,-1.7
11:18:44,-1.67
11:18:45,-1.65
11:18:46,-1.69
11:18:47,-1.63
11:18:48,-1.52
11:18:49,-1.36
11:18:50,-1.25
11:18:51,-1.11
11:18:52,-1.03
11:18:53,-1.03
11:18:54,-1.0
11:18:55,-1.02
11:18:56,-1.01
11:18:57,-0.94
11:18:58,-0.87
11:18:59,-0.78
11:19:00,-0.65
11:19:01,-0.57
11:19:02,-0.49
11:19:03,-0.43
11:19:04,-0.45
11:19:05,-0.47
11:19:06,-0.52
11:19:07,-0.53
11:19:08,-0.54
11:19:09,-0.56
11:19:10,-0.52
11:19:11,-0.51
11:19:12,-0.52
11:19:13,-0.53
11:19:14,-0.55
11:19:15,-0.53
11:19:16,-0.56
11:19:17,-0.55
11:19:18,-0.55
11:19:19,-0.53
11:19:20,-0.5
11:19:21,-0.52
11:19:22,-0.55
11:19:23,-0.55
11:19:24,-0.49
11:19:25,-0.46
11:19:26,-0.49
11:19:27,-0.54
11:19:28,-0.7
11:19:29,-0.85
11:19:30,-0.96
11:19:31,-0.99
11:19:32,-0.9
11:19:33,-0.8
11:19:34,-0.69
11:19:35,-0.59
11:19:36,-0.51
11:19:37,-0.57
11:19:38,-0.59
11:19:39,-0.56
11:19:40,-0.57
11:19:41,-0.63
11:19:42,-0.72
11:19:43,-0.77
11:19:44,-0.86
11:19:45,-0.95
11:19:46,-1.07
11:19:47,-1.14
11:19:48,-1.16
11:19:49,-1.1
11:19:50,-0.99
11:19:51,-0.91
11:19:52,-0.91
11:19:53,-0.88
11:19:54,-0.91
11:19:55,-0.94
11:19:56,-0.87
11:19:57,-0.82
11:19:58,-0.89
11:19:59,-0.95
11:20:00,-1.01
11:20:01,-1.01
11:20:02,-0.95
11:20:03,-0.91
11:20:04,-0.9
11:20:05,-0.95
11:20:06,-1.08
11:20:07,-1.18
11:20:08,-1.33
11:20:09,-1.32
11:20:10,-1.24
11:20:11,-1.2
11:20:12,-1.16
11:20:13,-1.1
11:20:14,-1.07
11:20:15,-1.11
11:20:16,-1.13
11:20:17,-1.17
11:20:18,-1.18
11:20:19,-1.16
11:20:20,-1.16
11:20:21,-1.14
11:20:22,-1.13
11:20:23,-1.18
11:20:24,-1.16
11:20:25,-1.11
11:20:26,-1.03
11:20:27,-0.95
11:20:28,-0.93
11:20:29,-0.84
11:20:30,-0.83
11:20:31,-0.82
11:20:32,-0.76
11:20:33,-0.7
11:20:34,-0.64
11:20:35,-0.53
11:20:36,-0.48
11:20:37,-0.56
11:20:38,-0.61
11:20:39,-0.69
11:20:40,-0.79
11:20:41,-0.82
11:20:42,-0.84
11:20:43,-0.96
11:20:44,-1.06
11:20:45,-1.16
11:20:46,-1.26
11:20:47,-1.28
11:20:48,-1.33
11:20:49,-1.41
11:20:50,-1.46
11:20:51,-1.47
11:20:52,-1.5
11:20:53,-1.52
11:20:54,-1.56
11:20:55,-1.51
11:20:56,-1.24
11:20:57,-1.06
11:20:58,-1.11
11:20:59,-1.22
11:21:00,-1.13
11:21:01,-0.96
11:21:02,-0.84
11:21:03,-0.69
11:21:04,-0.57
11:21:05,-0.54
11:21:06,-0.45
11:21:07,-0.3
11:21:08,-0.25
11:21:09,-0.1
11:21:10,-0.02
11:21:11,0.05
11:21:12,0.03
11:21:13,-0.08
11:21:14,-0.18
11:21:15,-0.35
11:21:16,-0.53
11:21:17,-0.78
11:21:18,-0.81
11:21:19,-0.74
11:21:20,-0.8
11:21:21,-0.8
11:21:22,-0.86
11:21:23,-0.85
11:21:24,-0.81
11:21:25,-0.79
11:21:26,-0.72
11:21:27,-0.73
11:21:28,-0.72
11:21:29,-0.72
11:21:30,-0.77
11:21:31,-0.96
11:21:32,-1.04
11:21:33,-1.04
11:21:34,-0.99
11:21:35,-0.98
11:21:36,-0.97
11:21:37,-1.0
11:21:38,-0.99
11:21:39,-0.86
11:21:40,-0.66
11:21:41,-0.52
11:21:42,-0.36
11:21:43,-0.28
11:21:44,-0.3
11:21:45,-0.22
11:21:46,-0.19
11:21:47,-0.21
11:21:48,-0.26
11:21:49,-0.31
11:21:50,-0.28
11:21:51,-0.32
11:21:52,-0.41
11:21:53,-0.54
11:21:54,-0.77
11:21:55,-0.86
11:21:56,-0.92
11:21:57,-0.87
11:21:58,-0.77
11:21:59,-0.71
11:22:00,-0.71
11:22:01,-0.72
11:22:02,-0.72
11:22:03,-0.71
11:22:04,-0.75
11:22:05,-0.83
11:22:06,-0.91
11:22:07,-0.9
11:22:08,-0.84
11:22:09,-0.75
11:22:10,-0.68
11:22:11,-0.57
11:22:12,-0.57
11:22:13,-0.6
11:22:14,-0.59
11:22:15,-0.7
11:22:16,-0.79
11:22:17,-0.78
11:22:18,-0.81
11:22:19,-0.79
11:22:20,-0.87
11:22:21,-0.93
11:22:22,-0.99
11:22:23,-1.09
11:22:24,-1.1
11:22:25,-1.05
11:22:26,-0.99
11:22:27,-1.01
11:22:28,-0.96
11:22:29,-0.79
11:22:30,-0.65
11:22:31,-0.58
11:22:32,-0.55
11:22:33,-0.56
11:22:34,-0.53
11:22:35,-0.52
11:22:36,-0.52
11:22:37,-0.5
11:22:38,-0.41
11:22:39,-0.35
11:22:40,-0.47
11:22:41,-0.53
11:22:42,-0.65
11:22:43,-0.73
11:22:44,-0.79
11:22:45,-0.87
11:22:46,-0.89
11:22:47,-0.94
11:22:48,-0.96
11:22:49,-0.93
11:22:50,-0.88
11:22:51,-0.79
11:22:52,-0.69
11:22:53,-0.66
11:22:54,-0.67
11:22:55,-0.67
11:22:56,-0.6
11:22:57,-0.54
11:22:58,-0.53
11:22:59,-0.56
11:23:00,-0.56
11:23:01,-0.59
11:23:02,-0.59
11:23:03,-0.57
11:23:04,-0.53
11:23:05,-0.48
11:23:06,-0.42
11:23:07,-0.42
11:23:08,-0.43
11:23:09,-0.54
11:23:10,-0.59
11:23:11,-0.58
11:23:12,-0.49
11:23:13,-0.4
11:23:14,-0.38
11:23:15,-0.31
11:23:16,-0.23
11:23:17,-0.17
11:23:18,-0.23
11:23:19,-0.28
11:23:20,-0.34
11:23:21,-0.37
11:23:22,-0.36
11:23:23,-0.34
11:23:24,-0.36
11:23:25,-0.4
11:23:26,-0.44
11:23:27,-0.48
11:23:28,-0.51
11:23:29,-0.56
11:23:30,-0.52
11:23:31,-0.48
11:23:32,-0.43
11:23:33,-0.36
11:23:34,-0.34
11:23:35,-0.35
11:23:36,-0.35
11:23:37,-0.38
11:23:38,-0.43
11:23:39,-0.42
11:23:40,-0.46
11:23:41,-0.42
11:23:42,-0.46
11:23:43,-0.51
11:23:44,-0.45
11:23:45,-0.37
11:23:46,-0.31
11:23:47,-0.25
11:23:48,-0.24
11:23:49,-0.25
11:23:50,-0.3
11:23:51,-0.38
11:23:52,-0.47
11:23:53,-0.52
11:23:54,-0.56
11:23:55,-0.62
11:23:56,-0.67
11:23:57,-0.63
11:23:58,-0.63
11:23:59,-0.62
11:24:00,-0.68
11:24:01,-0.71
11:24:02,-0.67
11:24:03,-0.61
11:24:04,-0.66
11:24:05,-0.73
11:24:06,-0.78
11:24:07,-0.78
11:24:08,-0.78
11:24:09,-0.72
11:24:10,-0.67
11:24:11,-0.65
11:24:12,-0.6
11:24:13,-0.57
11:24:14,-0.61
11:24:15,-0.63
11:24:16,-0.6
11:24:17,-0.64
11:24:18,-0.75
11:24:19,-0.79
11:24:20,-0.81
11:24:21,-0.83
11:24:22,-0.84
11:24:23,-0.81
11:24:24,-0.74
11:24:25,-0.71
11:24:26,-0.65
11:24:27,-0.64
11:24:28,-0.65
11:24:29,-0.7
11:24:30,-0.75
11:24:31,-0.75
11:24:32,-0.74
11:24:33,-0.76
11:24:34,-0.74
11:24:35,-0.76
11:24:36,-0.72
11:24:37,-0.68
11:24:38,-0.67
11:24:39,-0.67
11:24:40,-0.68
11:24:41,-0.65
11:24:42,-0.65
11:24:43,-0.67
11:24:44,-0.7
11:24:45,-0.7
11:24:46,-0.66
11:24:47,-0.63
11:24:48,-0.57
11:24:49,-0.57
11:24:50,-0.54
11:24:51,-0.52
11:24:52,-0.47
11:24:53,-0.41
11:24:54,-0.38
11:24:55,-0.35
11:24:56,-0.32
11:24:57,-0.32
11:24:58,-0.41
11:24:59,-0.54
11:25:00,-0.65
11:25:01,-0.73
11:25:02,-0.82
11:25:03,-0.87
11:25:04,-0.88
11:25:05,-0.86
11:25:06,-0.88
11:25:07,-0.82
11:25:08,-0.76
11:25:09,-0.73
11:25:10,-0.71
11:25:11,-0.71
11:25:12,-0.77
11:25:13,-0.81
11:25:14,-0.86
11:25:15,-0.93
11:25:16,-0.98
11:25:17,-1.06
11:25:18,-1.05
11:25:19,-1.01
11:25:20,-1.01
11:25:21,-1.0
11:25:22,-0.99
11:25:23,-0.99
11:25:24,-0.96
11:25:25,-0.94
11:25:26,-0.97
11:25:27,-0.95
11:25:28,-0.93
11:25:29,-0.9
11:25:30,-0.84
11:25:31,-0.78
11:25:32,-0.75
11:25:33,-0.71
11:25:34,-0.69
11:25:35,-0.71
11:25:36,-0.8
11:25:37,-0.83
11:25:38,-0.88
11:25:39,-1.03
11:25:40,-1.17
11:25:41,-1.24
11:25:42,-1.26
11:25:43,-1.26
11:25:44,-1.3
11:25:45,-1.29
11:25:46,-1.21
11:25:47,-1.1
11:25:48,-0.95
11:25:49,-0.92
11:25:50,-0.93
11:25:51,-0.9
11:25:52,-0.87
11:25:53,-0.83
11:25:54,-0.76
11:25:55,-0.76
11:25:56,-0.77
11:25:57,-0.75
11:25:58,-0.75
11:25:59,-0.75
11:26:00,-0.89
11:26:01,-0.97
11:26:02,-0.94
11:26:03,-0.87
11:26:04,-0.73
11:26:05,-0.68
11:26:06,-0.63
11:26:07,-0.58
11:26:08,-0.63
11:26:09,-0.69
11:26:10,-0.68
11:26:11,-0.71
11:26:12,-0.77
11:26:13,-0.84
11:26:14,-0.86
11:26:15,-0.87
11:26:16,-0.87
11:26:17,-0.89
11:26:18,-0.88
11:26:19,-0.88
11:26:20,-0.82
11:26:21,-0.79
11:26:22,-0.78
11:26:23,-0.75
11:26:24,-0.75
11:26:25,-0.79
11:26:26,-0.79
11:26:27,-0.79
11:26:28,-0.77
11:26:29,-0.67
11:26:30,-0.63
11:26:31,-0.73
11:26:32,-0.69
11:26:33,-0.6
11:26:34,-0.43
11:26:35,-0.32
11:26:36,-0.36
11:26:37,-0.31
11:26:38,-0.16
11:26:39,-0.01
11:26:40,0.06
11:26:41,-0.12
11:26:42,-0.31
11:26:43,-0.39
11:26:44,-0.32
11:26:45,-0.19
11:26:46,-0.21
11:26:47,-0.32
11:26:48,-0.41
11:26:49,-0.47
11:26:50,-0.49
11:26:51,-0.53
11:26:52,-0.48
11:26:53,-0.48
11:26:54,-0.45
11:26:55,-0.4
11:26:56,-0.35
11:26:57,-0.38
11:26:58,-0.39
11:26:59,-0.31
11:27:00,-0.29
11:27:01,-0.4
11:27:02,-0.57
11:27:03,-0.5
11:27:04,-0.75
11:27:05,-1.22
11:27:06,-1.33
11:27:07,-1.45
11:27:08,-1.52
11:27:09,-1.66
11:27:10,-1.72
11:27:11,-1.66
11:27:12,-1.61
11:27:13,-1.56
11:27:14,-1.42
11:27:15,-1.24
11:27:16,-1.05
11:27:17,-0.88
11:27:18,-0.75
11:27:19,-0.7
11:27:20,-0.65
11:27:21,-0.53
11:27:22,-0.45
11:27:23,-0.37
11:27:24,-0.37
11:27:25,-0.37
11:27:26,-0.38
11:27:27,-0.43
11:27:28,-0.45
11:27:29,-0.45
11:27:30,-0.46
11:27:31,-0.44
11:27:32,-0.43
11:27:33,-0.48
11:27:34,-0.63
11:27:35,-0.8
11:27:36,-1.26
11:27:37,-1.37
11:27:38,-1.31
11:27:39,-1.15
11:27:40,-1.04
11:27:41,-0.86
11:27:42,-0.63
11:27:43,-0.47
11:27:44,-0.43
11:27:45,-0.37
11:27:46,-0.27
11:27:47,-0.26
11:27:48,-0.24
11:27:49,-0.34
11:27:50,-0.59
11:27:51,-0.76
11:27:52,-0.93
11:27:53,-1.05
11:27:54,-1.07
11:27:55,-0.97
11:27:56,-0.93
11:27:57,-0.82
11:27:58,-0.79
11:27:59,-0.67
11:28:00,-0.62
11:28:01,-0.61
11:28:02,-0.6
11:28:03,-0.66
11:28:04,-0.73
11:28:05,-0.62
11:28:06,-0.55
11:28:07,-0.47
11:28:08,-0.34
11:28:09,-0.26
11:28:10,-0.19
11:28:11,-0.14
11:28:12,-0.11
11:28:13,-0.04
11:28:14,-0.08
11:28:15,-0.16
11:28:16,-0.22
11:28:17,-0.32
11:28:18,-0.4
11:28:19,-0.52
11:28:20,-0.64
11:28:21,-0.78
11:28:22,-0.9
11:28:23,-1.0
11:28:24,-1.03
11:28:25,-1.04
11:28:26,-1.04
11:28:27,-1.04
11:28:28,-1.01
11:28:29,-0.93
11:28:30,-0.83
11:28:31,-0.79
11:28:32,-0.78
11:28:33,-0.73
11:28:34,-0.67
11:28:35,-0.7
11:28:36,-0.71
11:28:37,-0.68
11:28:38,-0.7
11:28:39,-0.72
11:28:40,-0.71
11:28:41,-0.73
11:28:42,-0.76
11:28:43,-0.75
11:28:44,-0.74
11:28:45,-0.72
11:28:46,-0.67
11:28:47,-0.67
11:28:48,-0.57
11:28:49,-0.43
11:28:50,-0.24
11:28:51,-0.02
11:28:52,-0.01
11:28:53,0.04
11:28:54,0.04
11:28:55,0.07
11:28:56,0.06
11:28:57,0.02
11:28:58,-0.05
11:28:59,-0.13
11:29:00,-0.24
11:29:01,-0.41
11:29:02,-0.5
11:29:03,-0.55
11:29:04,-0.63
11:29:05,-0.69
11:29:06,-0.72
11:29:07,-0.69
11:29:08,-0.7
11:29:09,-0.81
11:29:10,-1.02
11:29:11,-1.19
11:29:12,-1.11
11:29:13,-1.05
11:29:14,-0.97
11:29:15,-0.97
11:29:16,-0.97
11:29:17,-0.96
11:29:18,-0.86
11:29:19,-0.82
11:29:20,-0.77
11:29:21,-0.77
11:29:22,-0.78
11:29:23,-0.78
11:29:24,-0.77
11:29:25,-0.78
11:29:26,-0.77
11:29:27,-0.78
11:29:28,-0.77
11:29:29,-0.73
11:29:30,-0.69
11:29:31,-0.71
11:29:32,-0.71
11:29:33,-0.7
11:29:34,-0.67
11:29:35,-0.61
11:29:36,-0.57
11:29:37,-0.5
11:29:38,-0.48
11:29:39,-0.39
11:29:40,-0.38
11:29:41,-0.38
11:29:42,-0.35
11:29:43,-0.35
11:29:44,-0.34
11:29:45,-0.34
11:29:46,-0.36
11:29:47,-0.37
11:29:48,-0.38
11:29:49,-0.34
11:29:50,-0.31
11:29:51,-0.25
11:29:52,-0.19
11:29:53,-0.13
11:29:54,-0.09
11:29:55,-0.12
11:29:56,-0.16
11:29:57,-0.15
11:29:58,-0.15
11:29:59,-0.21
11:30:00,-0.28
